-- phpMyAdmin SQL Dump
-- version 4.7.1
-- https://www.phpmyadmin.net/
--
-- Máy chủ: localhost:3306
-- Thời gian đã tạo: Th12 22, 2017 lúc 01:32 PM
-- Phiên bản máy phục vụ: 10.1.29-MariaDB
-- Phiên bản PHP: 7.0.26

SET SQL_MODE = "NO_AUTO_VALUE_ON_ZERO";
SET AUTOCOMMIT = 0;
START TRANSACTION;
SET time_zone = "+00:00";


/*!40101 SET @OLD_CHARACTER_SET_CLIENT=@@CHARACTER_SET_CLIENT */;
/*!40101 SET @OLD_CHARACTER_SET_RESULTS=@@CHARACTER_SET_RESULTS */;
/*!40101 SET @OLD_COLLATION_CONNECTION=@@COLLATION_CONNECTION */;
/*!40101 SET NAMES utf8mb4 */;

--
-- Cơ sở dữ liệu: `u645850041_sm`
--

-- --------------------------------------------------------

--
-- Cấu trúc bảng cho bảng `cms_customers`
--

CREATE TABLE `cms_customers` (
  `ID` int(10) UNSIGNED NOT NULL,
  `customer_name` varchar(255) NOT NULL,
  `customer_code` varchar(10) NOT NULL,
  `customer_phone` varchar(20) NOT NULL,
  `customer_email` varchar(150) NOT NULL,
  `customer_addr` varchar(255) NOT NULL,
  `notes` text NOT NULL,
  `customer_birthday` date NOT NULL,
  `customer_gender` tinyint(1) NOT NULL,
  `created` datetime NOT NULL,
  `updated` datetime NOT NULL,
  `user_init` int(11) NOT NULL,
  `user_upd` int(11) NOT NULL
) ENGINE=MyISAM DEFAULT CHARSET=utf8;

--
-- Đang đổ dữ liệu cho bảng `cms_customers`
--

INSERT INTO `cms_customers` (`ID`, `customer_name`, `customer_code`, `customer_phone`, `customer_email`, `customer_addr`, `notes`, `customer_birthday`, `customer_gender`, `created`, `updated`, `user_init`, `user_upd`) VALUES
(5, 'Cao Tiến Trung', 'KH000002', '09900000000', '', '', '', '1970-01-01', 0, '2017-09-25 22:50:13', '0000-00-00 00:00:00', 16, 0),
(6, 'Trần Thanh Phong', 'KH000003', '77777', '', '', '', '1969-12-29', 0, '2017-09-25 22:50:37', '2017-10-15 23:22:14', 16, 0);

-- --------------------------------------------------------

--
-- Cấu trúc bảng cho bảng `cms_input`
--

CREATE TABLE `cms_input` (
  `ID` int(10) UNSIGNED NOT NULL,
  `input_code` varchar(9) NOT NULL,
  `supplier_id` int(11) NOT NULL,
  `store_id` int(11) NOT NULL,
  `input_date` datetime NOT NULL,
  `notes` varchar(255) NOT NULL,
  `payment_method` tinyint(4) NOT NULL,
  `total_price` int(13) NOT NULL,
  `total_quantity` int(9) NOT NULL,
  `discount` int(11) NOT NULL,
  `total_money` int(13) NOT NULL,
  `payed` int(11) NOT NULL,
  `lack` int(13) NOT NULL,
  `detail_input` text NOT NULL,
  `input_status` tinyint(1) NOT NULL,
  `created` datetime NOT NULL DEFAULT CURRENT_TIMESTAMP,
  `updated` datetime NOT NULL DEFAULT '0000-00-00 00:00:00' ON UPDATE CURRENT_TIMESTAMP,
  `user_init` int(11) NOT NULL,
  `user_upd` int(11) NOT NULL,
  `deleted` tinyint(1) NOT NULL DEFAULT '0'
) ENGINE=MyISAM DEFAULT CHARSET=utf8 ROW_FORMAT=COMPACT;

--
-- Đang đổ dữ liệu cho bảng `cms_input`
--

INSERT INTO `cms_input` (`ID`, `input_code`, `supplier_id`, `store_id`, `input_date`, `notes`, `payment_method`, `total_price`, `total_quantity`, `discount`, `total_money`, `payed`, `lack`, `detail_input`, `input_status`, `created`, `updated`, `user_init`, `user_upd`, `deleted`) VALUES
(9, 'PN0000001', 12, 1, '2017-09-25 22:47:35', '', 1, 2570000, 14, 0, 2570000, 2570000, 0, '[{\"id\":\"81\",\"quantity\":\"3\",\"price\":\"250000\"},{\"id\":\"82\",\"quantity\":\"4\",\"price\":\"190000\"},{\"id\":\"83\",\"quantity\":\"5\",\"price\":\"120000\"},{\"id\":\"84\",\"quantity\":\"2\",\"price\":\"230000\"}]', 1, '2017-09-25 22:47:35', '0000-00-00 00:00:00', 16, 0, 0),
(10, 'PN0000002', 12, 2, '2017-09-25 22:51:28', '', 1, 6000000, 32, 0, 6000000, 6000000, 0, '[{\"id\":\"81\",\"quantity\":\"7\",\"price\":\"250000\"},{\"id\":\"82\",\"quantity\":\"10\",\"price\":\"190000\"},{\"id\":\"83\",\"quantity\":\"10\",\"price\":\"120000\"},{\"id\":\"84\",\"quantity\":\"5\",\"price\":\"230000\"}]', 1, '2017-09-25 22:51:28', '0000-00-00 00:00:00', 16, 0, 0),
(11, 'PN0000003', 0, 1, '2017-10-13 22:04:05', '', 1, 240124, 6, 0, 240124, 240124, 0, '[{\"id\":\"83\",\"quantity\":\"2\",\"price\":\"120000\"},{\"id\":\"87\",\"quantity\":\"4\",\"price\":\"31\"}]', 1, '2017-10-13 22:04:05', '2017-10-13 22:04:32', 0, 0, 1),
(12, 'PN0000004', 0, 1, '2017-10-13 22:30:44', '', 1, 31, 1, 0, 31, 31, 0, '[{\"id\":\"87\",\"quantity\":\"1\",\"price\":\"31\"}]', 1, '2017-10-13 22:30:44', '0000-00-00 00:00:00', 0, 0, 0),
(13, 'PN0000005', 0, 1, '2017-10-14 02:02:16', '', 1, 31, 1, 0, 31, 31, 0, '[{\"id\":\"87\",\"quantity\":\"1\",\"price\":\"31\"}]', 1, '2017-10-14 02:02:16', '0000-00-00 00:00:00', 0, 0, 0),
(14, 'PN0000006', 16, 1, '2017-10-17 13:42:00', '', 1, 1200000, 10, 0, 1200000, 1200000, 0, '[{\"id\":\"83\",\"quantity\":\"10\",\"price\":\"120000\"}]', 1, '2017-10-17 21:47:37', '0000-00-00 00:00:00', 0, 0, 0),
(15, 'PN0000007', 17, 1, '2017-10-17 13:46:00', '', 1, 4800000, 40, 0, 4800000, 4800000, 0, '[{\"id\":\"83\",\"quantity\":\"40\",\"price\":\"120000\"}]', 1, '2017-10-17 21:50:56', '0000-00-00 00:00:00', 0, 0, 0),
(16, 'PN0000008', 18, 1, '2017-10-17 13:51:00', '', 1, 100000000, 100, 0, 100000000, 100000000, 0, '[{\"id\":\"98\",\"quantity\":\"100\",\"price\":\"1000000\"}]', 1, '2017-10-17 21:55:40', '0000-00-00 00:00:00', 0, 0, 0),
(17, 'PN0000009', 0, 1, '2017-10-17 22:48:31', '', 1, 1000000, 1, 0, 1000000, 1000000, 0, '[{\"id\":\"98\",\"quantity\":\"1\",\"price\":\"1000000\"}]', 1, '2017-10-17 22:48:31', '0000-00-00 00:00:00', 0, 0, 0),
(18, 'PN0000010', 0, 1, '2017-10-17 22:49:11', '', 1, 1000000, 1, 0, 1000000, 1000000, 0, '[{\"id\":\"98\",\"quantity\":\"1\",\"price\":\"1000000\"}]', 1, '2017-10-17 22:49:11', '0000-00-00 00:00:00', 0, 0, 0),
(19, 'PN0000011', 12, 1, '2017-10-17 22:58:07', '', 1, 190000, 1, 0, 190000, 0, 190000, '[{\"id\":\"82\",\"quantity\":\"1\",\"price\":\"190000\"}]', 1, '2017-10-17 22:58:07', '0000-00-00 00:00:00', 0, 0, 0),
(20, 'PN0000012', 12, 2, '2017-10-31 16:58:00', '', 1, 250000, 1, 0, 250000, 250000, 0, '[{\"id\":\"81\",\"quantity\":\"1\",\"price\":\"250000\"}]', 1, '2017-10-31 09:59:06', '2017-10-31 10:26:59', 2, 2, 1),
(21, 'PN0000013', 12, 1, '2017-10-31 17:26:00', 'aaaa', 1, 444444000, 1000, 100, 444443900, 444443900, 0, '[{\"id\":\"93\",\"quantity\":\"1000\",\"price\":\"444444\"}]', 1, '2017-10-31 10:26:18', '0000-00-00 00:00:00', 2, 0, 0),
(22, 'PN0000014', 12, 2, '2017-10-31 17:27:00', 'ddd', 1, 88888800, 200, 100, 88888700, 88888700, 0, '[{\"id\":\"93\",\"quantity\":\"200\",\"price\":\"444444\"}]', 1, '2017-10-31 10:27:40', '0000-00-00 00:00:00', 2, 0, 0),
(23, 'PN0000015', 12, 2, '2017-10-31 17:34:00', '', 1, 2000000, 2, 0, 2000000, 2000000, 0, '[{\"id\":\"104\",\"quantity\":\"2\",\"price\":\"1000000\"}]', 1, '2017-10-31 10:34:41', '0000-00-00 00:00:00', 2, 0, 0),
(24, 'PN0000016', 12, 2, '2017-11-30 06:34:00', '', 1, 2000000, 2, 0, 2000000, 2000000, 0, '[{\"id\":\"104\",\"quantity\":\"2\",\"price\":\"1000000\"}]', 1, '2017-10-31 23:34:45', '0000-00-00 00:00:00', 2, 0, 0),
(25, 'PN0000017', 18, 2, '2017-11-01 06:46:00', 'asdfsadfasdf', 1, 4982220, 11, 1000000, 3982220, 3982220, 0, '[{\"id\":\"104\",\"quantity\":\"2\",\"price\":\"1000000\"},{\"id\":\"82\",\"quantity\":\"4\",\"price\":\"190000\"},{\"id\":\"93\",\"quantity\":\"5\",\"price\":\"444444\"}]', 1, '2017-10-31 23:47:14', '0000-00-00 00:00:00', 2, 0, 0),
(26, 'PN0000018', 19, 1, '2017-11-01 18:45:00', 'aaa', 1, 50000000, 50, 0, 50000000, 50000000, 0, '[{\"id\":\"105\",\"quantity\":\"30\",\"price\":\"1000000\"},{\"id\":\"104\",\"quantity\":\"20\",\"price\":\"1000000\"}]', 1, '2017-11-01 11:45:47', '0000-00-00 00:00:00', 2, 0, 0),
(27, 'PN0000019', 0, 2, '2017-11-29 07:37:14', '', 1, 280000, 2, 0, 280000, 280000, 0, '[{\"id\":\"81\",\"quantity\":\"1\",\"price\":\"250000\"},{\"id\":\"106\",\"quantity\":\"1\",\"price\":\"30000\"}]', 1, '2017-11-29 00:37:14', '0000-00-00 00:00:00', 2, 0, 0),
(28, 'PN0000020', 0, 2, '2017-12-01 08:02:55', '', 1, 694444, 2, 0, 694444, 694444, 0, '[{\"id\":\"81\",\"quantity\":\"1\",\"price\":\"250000\"},{\"id\":\"93\",\"quantity\":\"1\",\"price\":\"444444\"}]', 1, '2017-12-01 01:02:55', '2017-12-01 01:10:17', 2, 2, 1),
(29, 'PN0000021', 0, 2, '2017-12-01 08:09:34', '', 1, 0, 2, 0, 0, 0, 0, '[{\"id\":\"109\",\"quantity\":\"1\",\"price\":\"0\"},{\"id\":\"108\",\"quantity\":\"1\",\"price\":\"0\"}]', 1, '2017-12-01 01:09:34', '0000-00-00 00:00:00', 2, 0, 0),
(30, 'PN0000022', 20, 1, '2017-12-06 14:33:51', '', 1, 200000, 10, 0, 200000, 150000, 50000, '[{\"id\":\"108\",\"quantity\":\"10\",\"price\":\"20000\"}]', 1, '2017-12-06 07:33:51', '0000-00-00 00:00:00', 2, 0, 0),
(31, 'PN0000023', 0, 2, '2017-12-07 01:47:26', '', 1, 220000, 11, 0, 220000, 220000, 0, '[{\"id\":\"110\",\"quantity\":\"11\",\"price\":\"20000\"}]', 1, '2017-12-06 18:47:26', '0000-00-00 00:00:00', 2, 0, 0);

-- --------------------------------------------------------

--
-- Cấu trúc bảng cho bảng `cms_inventory`
--

CREATE TABLE `cms_inventory` (
  `store_id` int(5) NOT NULL,
  `product_id` int(10) NOT NULL,
  `quantity` int(11) NOT NULL,
  `user_init` int(11) NOT NULL,
  `user_upd` int(11) DEFAULT NULL,
  `created` datetime NOT NULL DEFAULT CURRENT_TIMESTAMP,
  `updated` datetime DEFAULT NULL ON UPDATE CURRENT_TIMESTAMP
) ENGINE=MyISAM DEFAULT CHARSET=utf8;

--
-- Đang đổ dữ liệu cho bảng `cms_inventory`
--

INSERT INTO `cms_inventory` (`store_id`, `product_id`, `quantity`, `user_init`, `user_upd`, `created`, `updated`) VALUES
(1, 81, 62, 16, 2, '2017-09-25 22:41:27', '2017-11-24 02:52:56'),
(1, 82, 22, 16, 2, '2017-09-25 22:42:15', '2017-11-24 07:03:02'),
(1, 83, 13, 16, 2, '2017-09-25 22:42:48', '2017-11-21 15:40:16'),
(1, 84, 9, 16, 2, '2017-09-25 22:43:22', '2017-11-21 03:36:07'),
(2, 81, -9, 16, 2, '2017-09-25 22:51:28', '2017-12-01 01:10:17'),
(2, 82, -96, 16, 2, '2017-09-25 22:51:28', '2017-10-31 23:47:14'),
(2, 83, 7, 16, 2, '2017-09-25 22:51:28', '2017-10-18 09:23:02'),
(2, 84, 4, 16, 0, '2017-09-25 22:51:28', '2017-10-04 18:54:07'),
(2, 85, 3000, 0, NULL, '2017-09-27 19:41:59', NULL),
(2, 86, 222, 0, NULL, '2017-09-27 19:54:36', NULL),
(2, 87, 121221312, 0, NULL, '2017-09-27 19:54:47', NULL),
(2, 88, 0, 0, 0, '2017-09-27 19:54:53', '2017-10-15 17:44:26'),
(2, 89, 0, 0, NULL, '2017-09-27 19:54:56', NULL),
(2, 90, 0, 0, NULL, '2017-09-27 19:54:59', NULL),
(2, 91, 0, 0, NULL, '2017-09-27 19:55:06', NULL),
(1, 92, 3, 0, NULL, '2017-10-03 01:08:07', NULL),
(1, 93, 995, 0, 2, '2017-10-03 01:08:24', '2017-11-24 02:52:56'),
(1, 94, 3, 0, NULL, '2017-10-03 01:08:50', NULL),
(1, 95, 2147483647, 0, NULL, '2017-10-03 01:09:00', NULL),
(1, 96, 777, 0, NULL, '2017-10-03 01:09:11', NULL),
(1, 97, 4, 0, 2, '2017-10-03 01:09:19', '2017-11-04 18:16:18'),
(1, 87, 0, 0, 0, '2017-10-13 22:04:05', '2017-10-14 02:02:16'),
(1, 89, -1, 0, NULL, '2017-10-13 22:34:06', NULL),
(1, 88, -1, 0, NULL, '2017-10-16 21:52:52', NULL),
(1, 85, -9, 0, 0, '2017-10-17 19:18:28', '2017-10-17 22:10:09'),
(1, 98, 32, 0, 0, '2017-10-17 21:54:43', '2017-10-18 03:11:33'),
(1, 99, 100, 2, NULL, '2017-10-19 10:04:49', NULL),
(6, 81, -2, 2, 2, '2017-10-20 14:07:14', '2017-11-05 18:08:39'),
(1, 100, 0, 2, NULL, '2017-10-23 17:22:06', NULL),
(1, 101, 0, 2, NULL, '2017-10-23 17:22:22', NULL),
(1, 102, 0, 2, 2, '2017-10-25 10:18:03', '2017-10-25 10:19:51'),
(6, 103, 10, 2, NULL, '2017-10-29 11:14:52', NULL),
(1, 103, -5, 2, NULL, '2017-10-29 13:23:15', NULL),
(2, 93, 205, 2, 2, '2017-10-31 10:27:40', '2017-12-01 01:10:17'),
(2, 104, 996, 2, 2, '2017-10-31 10:32:14', '2017-10-31 23:47:14'),
(1, 105, 5030, 2, 2, '2017-11-01 11:44:27', '2017-11-01 11:45:47'),
(1, 104, 20, 2, NULL, '2017-11-01 11:45:47', NULL),
(1, 106, 100, 2, NULL, '2017-11-04 09:51:06', NULL),
(6, 104, -1, 2, NULL, '2017-11-05 18:08:39', NULL),
(2, 107, 10, 2, NULL, '2017-11-28 06:16:39', NULL),
(2, 106, 1, 2, NULL, '2017-11-29 00:37:14', NULL),
(2, 108, -26, 2, 2, '2017-12-01 01:08:53', '2017-12-06 17:15:02'),
(2, 109, -18, 2, 2, '2017-12-01 01:09:17', '2017-12-01 06:46:41'),
(2, 110, 11, 2, 2, '2017-12-01 02:00:30', '2017-12-06 18:47:26'),
(1, 111, 0, 2, NULL, '2017-12-06 07:32:15', NULL),
(1, 108, 10, 2, NULL, '2017-12-06 07:33:51', NULL),
(2, 111, -2, 2, NULL, '2017-12-06 18:52:55', NULL),
(2, 112, 8, 2, 2, '2017-12-08 04:29:00', '2017-12-08 04:35:27'),
(1, 112, -3, 2, NULL, '2017-12-13 16:54:16', NULL),
(6, 112, -2, 2, 2, '2017-12-14 01:39:58', '2017-12-14 01:40:58'),
(6, 111, -4, 2, 2, '2017-12-14 01:39:58', '2017-12-14 01:40:58');

-- --------------------------------------------------------

--
-- Cấu trúc bảng cho bảng `cms_orders`
--

CREATE TABLE `cms_orders` (
  `ID` int(10) UNSIGNED NOT NULL,
  `output_code` varchar(9) NOT NULL,
  `customer_id` int(11) NOT NULL,
  `store_id` int(11) NOT NULL,
  `sell_date` datetime NOT NULL,
  `notes` varchar(255) NOT NULL,
  `payment_method` tinyint(4) NOT NULL,
  `total_price` int(13) NOT NULL,
  `total_origin_price` int(11) NOT NULL,
  `coupon` int(11) NOT NULL,
  `customer_pay` int(11) NOT NULL,
  `total_money` int(13) NOT NULL,
  `total_quantity` int(9) NOT NULL,
  `lack` int(13) NOT NULL,
  `detail_order` text NOT NULL,
  `order_status` tinyint(1) NOT NULL,
  `deleted` tinyint(1) NOT NULL DEFAULT '0',
  `created` datetime NOT NULL DEFAULT CURRENT_TIMESTAMP,
  `updated` datetime NOT NULL DEFAULT '0000-00-00 00:00:00' ON UPDATE CURRENT_TIMESTAMP,
  `user_init` int(11) NOT NULL,
  `user_upd` int(11) NOT NULL,
  `sale_id` int(5) NOT NULL
) ENGINE=MyISAM DEFAULT CHARSET=utf8;

--
-- Đang đổ dữ liệu cho bảng `cms_orders`
--

INSERT INTO `cms_orders` (`ID`, `output_code`, `customer_id`, `store_id`, `sell_date`, `notes`, `payment_method`, `total_price`, `total_origin_price`, `coupon`, `customer_pay`, `total_money`, `total_quantity`, `lack`, `detail_order`, `order_status`, `deleted`, `created`, `updated`, `user_init`, `user_upd`, `sale_id`) VALUES
(80, 'PX0000001', 4, 1, '2017-09-25 22:49:54', '', 1, 600000, 250000, 0, 600000, 600000, 1, 0, '[{\"id\":\"81\",\"quantity\":\"1\",\"price\":\"600000\",\"discount\":\"0\"}]', 1, 0, '2017-09-25 22:49:54', '0000-00-00 00:00:00', 16, 0, 16),
(81, 'PX0000002', 5, 1, '2017-09-25 22:50:21', '', 1, 480000, 190000, 0, 480000, 480000, 1, 0, '[{\"id\":\"82\",\"quantity\":\"1\",\"price\":\"480000\",\"discount\":\"0\"}]', 1, 0, '2017-09-25 22:50:21', '0000-00-00 00:00:00', 16, 0, 16),
(82, 'PX0000003', 6, 1, '2017-09-25 22:50:47', '', 1, 1170000, 360000, 0, 0, 1170000, 3, 1170000, '[{\"id\":\"83\",\"quantity\":\"3\",\"price\":\"390000\",\"discount\":\"0\"}]', 1, 0, '2017-09-25 22:50:47', '0000-00-00 00:00:00', 16, 0, 0),
(83, 'PX0000004', 8, 1, '2017-09-27 17:40:11', 'bán quần lót', 1, 600000, 250000, 0, 600000, 600000, 1, 0, '[{\"id\":\"81\",\"quantity\":\"1\",\"price\":\"600000\",\"discount\":\"0\"}]', 1, 0, '2017-09-27 17:40:11', '0000-00-00 00:00:00', 0, 0, 0),
(84, 'PX0000005', 0, 1, '2017-09-27 19:36:39', '', 2, 600000, 250000, 0, 600000, 600000, 1, 0, '[{\"id\":\"81\",\"quantity\":\"1\",\"price\":\"600000\",\"discount\":\"0\"}]', 1, 0, '2017-09-27 19:36:39', '0000-00-00 00:00:00', 0, 0, 0),
(85, 'PX0000006', 0, 2, '2017-09-27 21:42:52', '', 1, 600000, 250000, 0, 600000, 600000, 1, 0, '[{\"id\":\"81\",\"quantity\":\"1\",\"price\":\"600000\",\"discount\":\"0\"}]', 1, 0, '2017-09-27 21:42:52', '0000-00-00 00:00:00', 0, 0, 0),
(86, 'PX0000007', 0, 2, '2017-09-21 15:15:00', '', 1, 580000, 0, 0, 580000, 580000, 1, 0, '[{\"id\":\"84\",\"quantity\":\"1\",\"price\":\"580000\",\"discount\":\"0\"}]', 0, 0, '2017-09-27 23:19:53', '0000-00-00 00:00:00', 0, 0, 0),
(87, 'PX0000008', 4, 2, '2017-09-26 16:02:00', '', 1, 600000, 250000, 0, 600000, 600000, 1, 0, '[{\"id\":\"81\",\"quantity\":\"1\",\"price\":\"600000\",\"discount\":\"0\"}]', 1, 0, '2017-09-28 00:06:42', '0000-00-00 00:00:00', 0, 0, 0),
(88, 'PX0000009', 9, 2, '2017-09-28 04:12:33', '', 1, 1080000, 440000, 1511, 1078489, 1078489, 2, 0, '[{\"id\":\"81\",\"quantity\":\"1\",\"price\":\"600000\",\"discount\":\"0\"},{\"id\":\"82\",\"quantity\":\"1\",\"price\":\"480000\",\"discount\":\"0\"}]', 1, 0, '2017-09-28 04:12:33', '0000-00-00 00:00:00', 0, 0, 0),
(89, 'PX0000010', 0, 1, '2017-09-30 04:50:46', '', 1, 2050000, 790000, 0, 2147483647, 2050000, 4, 0, '[{\"id\":\"81\",\"quantity\":\"1\",\"price\":\"600000\",\"discount\":\"0\"},{\"id\":\"82\",\"quantity\":\"1\",\"price\":\"480000\",\"discount\":\"0\"},{\"id\":\"83\",\"quantity\":\"1\",\"price\":\"390000\",\"discount\":\"0\"},{\"id\":\"84\",\"quantity\":\"1\",\"price\":\"580000\",\"discount\":\"0\"}]', 1, 0, '2017-09-30 04:50:46', '0000-00-00 00:00:00', 0, 0, 0),
(90, 'PX0000011', 0, 1, '2017-10-03 23:57:14', '', 1, 5555555, 444444, 0, 5555555, 5555555, 1, 0, '[{\"id\":\"93\",\"quantity\":\"1\",\"price\":\"5555555\",\"discount\":\"0\"}]', 1, 0, '2017-10-03 23:57:14', '0000-00-00 00:00:00', 0, 0, 0),
(91, 'PX0000012', 0, 2, '2017-10-04 18:54:07', '', 1, 1180000, 480000, 1180000, 333033, 0, 2, 0, '[{\"id\":\"81\",\"quantity\":\"1\",\"price\":\"600000\",\"discount\":\"0\"},{\"id\":\"84\",\"quantity\":\"1\",\"price\":\"580000\",\"discount\":\"0\"}]', 1, 0, '2017-10-04 18:54:07', '0000-00-00 00:00:00', 0, 0, 0),
(92, 'PX0000013', 0, 2, '2017-10-04 18:54:18', '', 1, 600000, 250000, 0, 600000, 600000, 1, 0, '[{\"id\":\"81\",\"quantity\":\"1\",\"price\":\"600000\",\"discount\":\"0\"}]', 1, 0, '2017-10-04 18:54:18', '0000-00-00 00:00:00', 0, 0, 0),
(93, 'PX0000014', 0, 1, '2017-10-11 21:31:22', '', 1, 480000, 190000, 0, 480000, 480000, 1, 0, '[{\"id\":\"82\",\"quantity\":\"1\",\"price\":\"480000\",\"discount\":\"0\"}]', 1, 0, '2017-10-11 21:31:22', '0000-00-00 00:00:00', 0, 0, 0),
(94, 'PX0000015', 0, 1, '2017-10-13 22:30:28', '', 1, 480000, 190000, 0, 480000, 480000, 1, 0, '[{\"id\":\"82\",\"quantity\":\"1\",\"price\":\"480000\",\"discount\":\"0\"}]', 1, 0, '2017-10-13 22:30:28', '0000-00-00 00:00:00', 0, 0, 0),
(95, 'PX0000016', 0, 1, '2017-10-13 22:30:36', '', 1, 0, 31, 0, 0, 0, 1, 0, '[{\"id\":\"87\",\"quantity\":\"1\",\"price\":\"0\",\"discount\":\"0\"}]', 1, 0, '2017-10-13 22:30:36', '0000-00-00 00:00:00', 0, 0, 0),
(96, 'PX0000017', 0, 1, '2017-10-13 22:33:47', '', 1, 1180000, 480000, 0, 1180000, 1180000, 2, 0, '[{\"id\":\"81\",\"quantity\":\"1\",\"price\":\"600000\",\"discount\":\"0\"},{\"id\":\"84\",\"quantity\":\"1\",\"price\":\"580000\",\"discount\":\"0\"}]', 1, 0, '2017-10-13 22:33:47', '0000-00-00 00:00:00', 0, 0, 0),
(97, 'PX0000018', 0, 1, '2017-10-13 22:33:52', '', 1, 580000, 230000, 0, 580000, 580000, 1, 0, '[{\"id\":\"84\",\"quantity\":\"1\",\"price\":\"580000\",\"discount\":\"0\"}]', 1, 0, '2017-10-13 22:33:52', '0000-00-00 00:00:00', 0, 0, 0),
(98, 'PX0000019', 0, 1, '2017-10-13 22:33:59', '', 1, 0, 31, 0, 0, 0, 1, 0, '[{\"id\":\"87\",\"quantity\":\"1\",\"price\":\"0\",\"discount\":\"0\"}]', 1, 0, '2017-10-13 22:33:59', '0000-00-00 00:00:00', 0, 0, 0),
(99, 'PX0000020', 0, 1, '2017-10-13 22:34:06', '', 1, 0, 0, 0, 0, 0, 1, 0, '[{\"id\":\"89\",\"quantity\":\"1\",\"price\":\"0\",\"discount\":\"0\"}]', 1, 0, '2017-10-13 22:34:06', '0000-00-00 00:00:00', 0, 0, 1),
(100, 'PX0000021', 0, 1, '2017-10-13 22:35:42', '', 1, 390000, 120000, 0, 390000, 390000, 1, 0, '[{\"id\":\"83\",\"quantity\":\"1\",\"price\":\"390000\",\"discount\":\"0\"}]', 1, 0, '2017-10-13 22:35:42', '0000-00-00 00:00:00', 0, 0, 0),
(101, 'PX0000022', 0, 1, '2017-10-13 22:35:49', '', 1, 480000, 0, 0, 480000, 480000, 1, 0, '[{\"id\":\"82\",\"quantity\":\"1\",\"price\":\"480000\",\"discount\":\"0\"}]', 0, 0, '2017-10-13 22:35:49', '0000-00-00 00:00:00', 0, 0, 0),
(102, 'PX0000023', 0, 1, '2017-10-13 22:35:52', '', 1, 580000, 0, 0, 580000, 580000, 1, 0, '[{\"id\":\"84\",\"quantity\":\"1\",\"price\":\"580000\",\"discount\":\"0\"}]', 0, 0, '2017-10-13 22:35:52', '0000-00-00 00:00:00', 0, 0, 0),
(103, 'PX0000024', 0, 1, '2017-10-13 22:35:56', '', 1, 0, 0, 0, 0, 0, 1, 0, '[{\"id\":\"88\",\"quantity\":\"1\",\"price\":\"0\",\"discount\":\"0\"}]', 0, 0, '2017-10-13 22:35:56', '0000-00-00 00:00:00', 0, 0, 0),
(104, 'PX0000025', 6, 2, '2017-10-14 02:04:33', '', 1, 390000, 120000, 0, 0, 390000, 1, 390000, '[{\"id\":\"83\",\"quantity\":\"1\",\"price\":\"390000\",\"discount\":\"0\"}]', 1, 0, '2017-10-14 02:04:33', '0000-00-00 00:00:00', 0, 0, 0),
(105, 'PX0000026', 0, 2, '2017-10-15 17:43:41', '', 1, 0, 0, 0, 0, 0, 1, 0, '[{\"id\":\"88\",\"quantity\":\"1\",\"price\":\"0\",\"discount\":\"0\"}]', 1, 1, '2017-10-15 17:43:41', '2017-10-15 17:44:26', 0, 0, 0),
(106, 'PX0000027', 0, 1, '2017-10-15 19:37:07', '', 1, 6000000, 2500000, 0, 6000000, 6000000, 10, 0, '[{\"id\":\"81\",\"quantity\":\"10\",\"price\":\"600000\",\"discount\":\"0\"}]', 1, 0, '2017-10-15 19:37:07', '0000-00-00 00:00:00', 0, 0, 0),
(107, 'PX0000028', 12, 1, '2017-10-15 23:54:17', '', 1, 390000, 120000, 0, 390000, 390000, 1, 0, '[{\"id\":\"83\",\"quantity\":\"1\",\"price\":\"390000\",\"discount\":\"0\"}]', 1, 0, '2017-10-15 23:54:17', '0000-00-00 00:00:00', 0, 0, 0),
(108, 'PX0000029', 0, 1, '2017-10-16 07:03:50', '', 1, 600000, 0, 50000, 550000, 550000, 2, 0, '[{\"id\":\"87\",\"quantity\":\"1\",\"price\":\"0\",\"discount\":\"0\"},{\"id\":\"81\",\"quantity\":\"1\",\"price\":\"600000\",\"discount\":\"0\"}]', 0, 1, '2017-10-16 07:03:50', '2017-10-16 07:04:55', 0, 0, 0),
(109, 'PX0000030', 4, 1, '2017-10-16 21:27:50', '', 1, 600000, 250000, 0, 600000, 600000, 1, 0, '[{\"id\":\"81\",\"quantity\":\"1\",\"price\":\"600000\",\"discount\":\"0\"}]', 1, 0, '2017-10-16 21:27:50', '0000-00-00 00:00:00', 0, 0, 0),
(110, 'PX0000031', 5, 1, '2017-10-16 21:27:59', '', 1, 390000, 120000, 0, 0, 390000, 1, 390000, '[{\"id\":\"83\",\"quantity\":\"1\",\"price\":\"390000\",\"discount\":\"0\"}]', 1, 0, '2017-10-16 21:27:59', '0000-00-00 00:00:00', 0, 0, 0),
(111, 'PX0000032', 4, 1, '2017-10-16 21:51:19', '', 1, 1080000, 440000, 0, 1080000, 1080000, 2, 0, '[{\"id\":\"81\",\"quantity\":\"1\",\"price\":\"600000\",\"discount\":\"0\"},{\"id\":\"82\",\"quantity\":\"1\",\"price\":\"480000\",\"discount\":\"0\"}]', 1, 0, '2017-10-16 21:51:19', '0000-00-00 00:00:00', 0, 0, 0),
(112, 'PX0000033', 0, 1, '2017-10-16 21:52:52', '', 1, 0, 0, 0, 0, 0, 1, 0, '[{\"id\":\"88\",\"quantity\":\"1\",\"price\":\"0\",\"discount\":\"0\"}]', 1, 0, '2017-10-16 21:52:52', '0000-00-00 00:00:00', 0, 0, 0),
(113, 'PX0000034', 4, 2, '2017-10-16 14:14:00', 'ábc', 1, 600000, 250000, 10, 599990, 599990, 1, 0, '[{\"id\":\"81\",\"quantity\":\"1\",\"price\":\"600000\",\"discount\":\"0\"}]', 1, 0, '2017-10-16 22:19:31', '0000-00-00 00:00:00', 0, 0, 1),
(114, 'PX0000035', 0, 1, '2017-10-17 17:08:49', '', 1, 600000, 250000, 0, 600000, 600000, 1, 0, '[{\"id\":\"81\",\"quantity\":\"1\",\"price\":\"600000\",\"discount\":\"0\"}]', 1, 0, '2017-10-17 17:08:49', '0000-00-00 00:00:00', 0, 0, 0),
(115, 'PX0000036', 0, 1, '2017-10-17 19:18:28', '', 1, 1080000, 440000, 0, 2000000, 1080000, 3, 0, '[{\"id\":\"82\",\"quantity\":\"1\",\"price\":\"480000\",\"discount\":\"0\"},{\"id\":\"81\",\"quantity\":\"1\",\"price\":\"600000\",\"discount\":\"0\"},{\"id\":\"85\",\"quantity\":\"1\",\"price\":\"0\",\"discount\":\"0\"}]', 1, 0, '2017-10-17 19:18:28', '0000-00-00 00:00:00', 0, 0, 0),
(116, 'PX0000037', 10, 1, '2017-10-17 11:58:00', '', 1, 600000, 250000, 0, 600000, 600000, 1, 0, '[{\"id\":\"81\",\"quantity\":\"1\",\"price\":\"600000\",\"discount\":\"0\"}]', 1, 0, '2017-10-17 20:03:22', '0000-00-00 00:00:00', 0, 0, 0),
(117, 'PX0000038', 15, 1, '2017-10-17 12:28:00', '', 1, 2550000, 850000, 0, 2550000, 2550000, 6, 0, '[{\"id\":\"83\",\"quantity\":\"5\",\"price\":\"390000\",\"discount\":\"0\"},{\"id\":\"81\",\"quantity\":\"1\",\"price\":\"600000\",\"discount\":\"0\"}]', 1, 0, '2017-10-17 20:33:02', '0000-00-00 00:00:00', 0, 0, 0),
(118, 'PX0000039', 16, 1, '2017-10-17 21:34:05', '', 1, 3000000, 1250000, 600000, 2400000, 2400000, 5, 0, '[{\"id\":\"81\",\"quantity\":\"5\",\"price\":\"600000\",\"discount\":\"0\"}]', 1, 0, '2017-10-17 21:34:05', '0000-00-00 00:00:00', 0, 0, 0),
(119, 'PX0000040', 17, 1, '2017-10-17 13:44:00', '', 1, 19500000, 6000000, 0, 19500000, 19500000, 50, 0, '[{\"id\":\"83\",\"quantity\":\"50\",\"price\":\"390000\",\"discount\":\"0\"}]', 1, 0, '2017-10-17 21:48:47', '0000-00-00 00:00:00', 0, 0, 0),
(120, 'PX0000041', 0, 1, '2017-10-17 21:51:17', '', 1, 0, 0, 0, 0, 0, 1, 0, '[{\"id\":\"85\",\"quantity\":\"1\",\"price\":\"0\",\"discount\":\"0\"}]', 1, 0, '2017-10-17 21:51:17', '0000-00-00 00:00:00', 0, 0, 0),
(121, 'PX0000042', 0, 1, '2017-10-17 21:51:31', '', 1, 580000, 230000, 0, 580000, 580000, 1, 0, '[{\"id\":\"84\",\"quantity\":\"1\",\"price\":\"580000\",\"discount\":\"0\"}]', 1, 0, '2017-10-17 21:51:31', '0000-00-00 00:00:00', 0, 0, 0),
(122, 'PX0000043', 0, 1, '2017-10-17 21:52:05', '', 1, 390000, 120000, 0, 390000, 390000, 1, 0, '[{\"id\":\"83\",\"quantity\":\"1\",\"price\":\"390000\",\"discount\":\"0\"}]', 1, 0, '2017-10-17 21:52:05', '0000-00-00 00:00:00', 0, 0, 0),
(123, 'PX0000044', 14, 1, '2017-10-17 13:51:00', '', 1, 7500000, 5000000, 0, 7500000, 7500000, 5, 0, '[{\"id\":\"98\",\"quantity\":\"5\",\"price\":\"1500000\",\"discount\":\"0\"}]', 1, 0, '2017-10-17 21:56:31', '0000-00-00 00:00:00', 0, 0, 0),
(124, 'PX0000045', 4, 1, '2017-10-17 22:01:47', '', 1, 390000, 120000, 0, 390000, 390000, 1, 0, '[{\"id\":\"83\",\"quantity\":\"1\",\"price\":\"390000\",\"discount\":\"0\"}]', 1, 0, '2017-10-17 22:01:47', '0000-00-00 00:00:00', 0, 0, 0),
(125, 'PX0000046', 4, 1, '2017-10-17 22:08:12', '', 1, 1360000, 470000, 0, 1360000, 1360000, 3, 0, '[{\"id\":\"83\",\"quantity\":\"2\",\"price\":\"390000\",\"discount\":\"0\"},{\"id\":\"84\",\"quantity\":\"1\",\"price\":\"580000\",\"discount\":\"0\"}]', 1, 0, '2017-10-17 22:08:12', '0000-00-00 00:00:00', 0, 0, 0),
(126, 'PX0000047', 4, 1, '2017-10-17 22:08:16', '', 1, 1360000, 470000, 0, 1360000, 1360000, 3, 0, '[{\"id\":\"83\",\"quantity\":\"2\",\"price\":\"390000\",\"discount\":\"0\"},{\"id\":\"84\",\"quantity\":\"1\",\"price\":\"580000\",\"discount\":\"0\"}]', 1, 0, '2017-10-17 22:08:16', '0000-00-00 00:00:00', 0, 0, 0),
(127, 'PX0000048', 4, 1, '2017-10-17 14:03:00', '', 1, 1500000, 1000000, 0, 1500000, 1500000, 1, 0, '[{\"id\":\"98\",\"quantity\":\"1\",\"price\":\"1500000\",\"discount\":\"0\"}]', 1, 0, '2017-10-17 22:08:25', '0000-00-00 00:00:00', 0, 0, 1),
(128, 'PX0000049', 4, 1, '2017-10-17 14:03:00', '', 1, 1500000, 1000000, 0, 1500000, 1500000, 1, 0, '[{\"id\":\"98\",\"quantity\":\"1\",\"price\":\"1500000\",\"discount\":\"0\"}]', 1, 0, '2017-10-17 22:08:30', '0000-00-00 00:00:00', 0, 0, 1),
(129, 'PX0000050', 4, 1, '2017-10-17 14:03:00', '', 1, 1500000, 1000000, 0, 1500000, 1500000, 1, 0, '[{\"id\":\"98\",\"quantity\":\"1\",\"price\":\"1500000\",\"discount\":\"0\"}]', 1, 0, '2017-10-17 22:08:36', '0000-00-00 00:00:00', 0, 0, 1),
(130, 'PX0000051', 4, 1, '2017-10-17 14:03:00', '', 1, 1500000, 1000000, 0, 1500000, 1500000, 1, 0, '[{\"id\":\"98\",\"quantity\":\"1\",\"price\":\"1500000\",\"discount\":\"0\"}]', 1, 0, '2017-10-17 22:08:36', '0000-00-00 00:00:00', 0, 0, 1),
(131, 'PX0000052', 4, 1, '2017-10-17 14:03:00', '', 1, 1500000, 1000000, 0, 1500000, 1500000, 1, 0, '[{\"id\":\"98\",\"quantity\":\"1\",\"price\":\"1500000\",\"discount\":\"0\"}]', 1, 0, '2017-10-17 22:08:36', '0000-00-00 00:00:00', 0, 0, 1),
(132, 'PX0000053', 4, 1, '2017-10-17 14:03:00', '', 1, 1500000, 1000000, 0, 1500000, 1500000, 1, 0, '[{\"id\":\"98\",\"quantity\":\"1\",\"price\":\"1500000\",\"discount\":\"0\"}]', 1, 0, '2017-10-17 22:08:36', '0000-00-00 00:00:00', 0, 0, 1),
(133, 'PX0000054', 4, 1, '2017-10-17 14:03:00', '', 1, 1500000, 1000000, 0, 1500000, 1500000, 1, 0, '[{\"id\":\"98\",\"quantity\":\"1\",\"price\":\"1500000\",\"discount\":\"0\"}]', 1, 0, '2017-10-17 22:08:41', '0000-00-00 00:00:00', 0, 0, 0),
(134, 'PX0000055', 4, 1, '2017-10-17 22:08:49', '', 1, 580000, 230000, 0, 580000, 580000, 3, 0, '[{\"id\":\"84\",\"quantity\":\"1\",\"price\":\"580000\",\"discount\":\"0\"},{\"id\":\"85\",\"quantity\":\"2\",\"price\":\"0\",\"discount\":\"0\"}]', 1, 0, '2017-10-17 22:08:49', '0000-00-00 00:00:00', 0, 0, 0),
(135, 'PX0000056', 4, 1, '2017-10-17 22:08:54', '', 1, 580000, 230000, 0, 580000, 580000, 3, 0, '[{\"id\":\"84\",\"quantity\":\"1\",\"price\":\"580000\",\"discount\":\"0\"},{\"id\":\"85\",\"quantity\":\"2\",\"price\":\"0\",\"discount\":\"0\"}]', 1, 0, '2017-10-17 22:08:54', '0000-00-00 00:00:00', 0, 0, 0),
(136, 'PX0000057', 18, 1, '2017-10-17 14:03:00', '', 1, 1500000, 1000000, 0, 1500000, 1500000, 1, 0, '[{\"id\":\"98\",\"quantity\":\"1\",\"price\":\"1500000\",\"discount\":\"0\"}]', 1, 0, '2017-10-17 22:09:22', '0000-00-00 00:00:00', 0, 0, 0),
(137, 'PX0000058', 18, 1, '2017-10-17 14:03:00', '', 1, 1500000, 1000000, 0, 1500000, 1500000, 1, 0, '[{\"id\":\"98\",\"quantity\":\"1\",\"price\":\"1500000\",\"discount\":\"0\"}]', 1, 0, '2017-10-17 22:09:24', '0000-00-00 00:00:00', 0, 0, 0),
(138, 'PX0000059', 18, 1, '2017-10-17 14:03:00', '', 1, 1500000, 1000000, 0, 1500000, 1500000, 1, 0, '[{\"id\":\"98\",\"quantity\":\"1\",\"price\":\"1500000\",\"discount\":\"0\"}]', 1, 0, '2017-10-17 22:09:26', '0000-00-00 00:00:00', 0, 0, 0),
(139, 'PX0000060', 18, 1, '2017-10-17 14:03:00', '', 1, 1500000, 1000000, 0, 1500000, 1500000, 1, 0, '[{\"id\":\"98\",\"quantity\":\"1\",\"price\":\"1500000\",\"discount\":\"0\"}]', 1, 0, '2017-10-17 22:09:26', '0000-00-00 00:00:00', 0, 0, 0),
(140, 'PX0000061', 18, 1, '2017-10-17 14:03:00', '', 1, 1500000, 1000000, 0, 1500000, 1500000, 1, 0, '[{\"id\":\"98\",\"quantity\":\"1\",\"price\":\"1500000\",\"discount\":\"0\"}]', 1, 0, '2017-10-17 22:09:26', '0000-00-00 00:00:00', 0, 0, 0),
(141, 'PX0000062', 4, 1, '2017-10-17 22:09:46', '', 1, 580000, 230000, 0, 580000, 580000, 3, 0, '[{\"id\":\"84\",\"quantity\":\"1\",\"price\":\"580000\",\"discount\":\"0\"},{\"id\":\"85\",\"quantity\":\"2\",\"price\":\"0\",\"discount\":\"0\"}]', 1, 0, '2017-10-17 22:09:46', '0000-00-00 00:00:00', 0, 0, 0),
(142, 'PX0000063', 0, 1, '2017-10-17 22:10:04', '', 1, 1060000, 420000, 0, 1060000, 1060000, 2, 0, '[{\"id\":\"82\",\"quantity\":\"1\",\"price\":\"480000\",\"discount\":\"0\"},{\"id\":\"84\",\"quantity\":\"1\",\"price\":\"580000\",\"discount\":\"0\"}]', 1, 0, '2017-10-17 22:10:04', '0000-00-00 00:00:00', 0, 0, 0),
(143, 'PX0000064', 0, 1, '2017-10-17 22:10:09', '', 1, 0, 0, 0, 0, 0, 1, 0, '[{\"id\":\"85\",\"quantity\":\"1\",\"price\":\"0\",\"discount\":\"0\"}]', 1, 0, '2017-10-17 22:10:09', '0000-00-00 00:00:00', 0, 0, 0),
(144, 'PX0000065', 0, 1, '2017-10-17 22:10:22', '', 1, 580000, 230000, 0, 580000, 580000, 1, 0, '[{\"id\":\"84\",\"quantity\":\"1\",\"price\":\"580000\",\"discount\":\"0\"}]', 1, 0, '2017-10-17 22:10:22', '0000-00-00 00:00:00', 0, 0, 0),
(145, 'PX0000066', 0, 1, '2017-10-17 22:10:31', '', 1, 1500000, 1000000, 0, 1500000, 1500000, 1, 0, '[{\"id\":\"98\",\"quantity\":\"1\",\"price\":\"1500000\",\"discount\":\"0\"}]', 1, 0, '2017-10-17 22:10:31', '0000-00-00 00:00:00', 0, 0, 0),
(146, 'PX0000067', 0, 1, '2017-10-17 22:10:43', '', 1, 1350000, 500000, 0, 1350000, 1350000, 3, 0, '[{\"id\":\"82\",\"quantity\":\"2\",\"price\":\"480000\",\"discount\":\"0\"},{\"id\":\"83\",\"quantity\":\"1\",\"price\":\"390000\",\"discount\":\"0\"}]', 1, 0, '2017-10-17 22:10:43', '0000-00-00 00:00:00', 0, 0, 0),
(147, 'PX0000068', 0, 1, '2017-10-17 22:10:59', '', 1, 870000, 310000, 0, 870000, 870000, 2, 0, '[{\"id\":\"82\",\"quantity\":\"1\",\"price\":\"480000\",\"discount\":\"0\"},{\"id\":\"83\",\"quantity\":\"1\",\"price\":\"390000\",\"discount\":\"0\"}]', 1, 0, '2017-10-17 22:10:59', '0000-00-00 00:00:00', 0, 0, 0),
(148, 'PX0000069', 19, 1, '2017-10-17 14:13:00', '', 1, 7500000, 5000000, 0, 7500000, 7500000, 5, 0, '[{\"id\":\"98\",\"quantity\":\"5\",\"price\":\"1500000\",\"discount\":\"0\"}]', 1, 0, '2017-10-17 22:18:21', '0000-00-00 00:00:00', 0, 0, 0),
(149, 'PX0000070', 4, 1, '2017-10-17 22:43:20', '', 1, 4500000, 3000000, 0, 0, 4500000, 3, 4500000, '[{\"id\":\"98\",\"quantity\":\"3\",\"price\":\"1500000\",\"discount\":\"0\"}]', 1, 0, '2017-10-17 22:43:20', '0000-00-00 00:00:00', 0, 0, 0),
(150, 'PX0000071', 4, 1, '2017-10-17 23:06:00', '', 1, 60000000, 40000000, 0, 60000000, 60000000, 40, 0, '[{\"id\":\"98\",\"quantity\":\"40\",\"price\":\"1500000\",\"discount\":\"0\"}]', 1, 0, '2017-10-17 23:06:00', '0000-00-00 00:00:00', 0, 0, 1),
(151, 'PX0000072', 4, 1, '2017-10-18 00:46:29', '', 1, 480000, 190000, 0, 480000, 480000, 1, 0, '[{\"id\":\"82\",\"quantity\":\"1\",\"price\":\"480000\",\"discount\":\"0\"}]', 1, 0, '2017-10-18 00:46:29', '0000-00-00 00:00:00', 0, 0, 0),
(152, 'PX0000073', 4, 1, '2017-10-18 00:48:22', '', 1, 480000, 190000, 0, 480000, 480000, 1, 0, '[{\"id\":\"82\",\"quantity\":\"1\",\"price\":\"480000\",\"discount\":\"0\"}]', 1, 0, '2017-10-18 00:48:22', '0000-00-00 00:00:00', 0, 0, 0),
(153, 'PX0000074', 0, 1, '2017-10-18 02:14:27', '', 1, 480000, 190000, 0, 480000, 480000, 1, 0, '[{\"id\":\"82\",\"quantity\":\"1\",\"price\":\"480000\",\"discount\":\"0\"}]', 1, 0, '2017-10-18 02:14:27', '0000-00-00 00:00:00', 0, 0, 0),
(154, 'PX0000075', 19, 1, '2017-10-17 19:26:00', '', 1, 4500000, 3000000, 900000, 3600000, 3600000, 3, 0, '[{\"id\":\"98\",\"quantity\":\"3\",\"price\":\"1500000\",\"discount\":\"0\"}]', 1, 0, '2017-10-18 03:09:09', '0000-00-00 00:00:00', 0, 0, 1),
(155, 'PX0000076', 19, 1, '2017-10-17 19:29:00', '', 1, 1500000, 1000000, 0, 0, 1500000, 1, 1500000, '[{\"id\":\"98\",\"quantity\":\"1\",\"price\":\"1500000\",\"discount\":\"0\"}]', 1, 0, '2017-10-18 03:11:33', '0000-00-00 00:00:00', 0, 0, 1),
(156, 'PX0000077', 0, 1, '2017-10-17 22:48:32', '', 1, 480000, 190000, 0, 480000, 480000, 1, 0, '[{\"id\":\"82\",\"quantity\":\"1\",\"price\":\"480000\",\"discount\":\"0\"}]', 1, 0, '2017-10-17 15:48:32', '0000-00-00 00:00:00', 2, 0, 0),
(157, 'PX0000078', 0, 1, '2017-10-17 22:48:42', '', 1, 390000, 120000, 0, 390000, 390000, 1, 0, '[{\"id\":\"83\",\"quantity\":\"1\",\"price\":\"390000\",\"discount\":\"0\"}]', 1, 0, '2017-10-17 15:48:42', '0000-00-00 00:00:00', 2, 0, 0),
(158, 'PX0000079', 0, 1, '2017-10-17 22:52:35', '', 1, 480000, 190000, 0, 480000, 480000, 1, 0, '[{\"id\":\"82\",\"quantity\":\"1\",\"price\":\"480000\",\"discount\":\"0\"}]', 1, 0, '2017-10-17 15:52:35', '0000-00-00 00:00:00', 2, 0, 0),
(159, 'PX0000080', 5, 2, '2017-10-18 02:02:49', '', 1, 390000, 120000, 0, 390000, 390000, 1, 0, '[{\"id\":\"83\",\"quantity\":\"1\",\"price\":\"390000\",\"discount\":\"0\"}]', 1, 0, '2017-10-17 19:02:49', '0000-00-00 00:00:00', 2, 0, 0),
(160, 'PX0000081', 4, 1, '2017-10-18 14:18:38', '', 1, 600000, 250000, 0, 600000, 600000, 1, 0, '[{\"id\":\"81\",\"quantity\":\"1\",\"price\":\"600000\",\"discount\":\"0\"}]', 1, 0, '2017-10-18 07:18:38', '0000-00-00 00:00:00', 2, 0, 0),
(161, 'PX0000082', 0, 2, '2017-10-18 16:23:02', '', 1, 390000, 120000, 0, 390000, 390000, 1, 0, '[{\"id\":\"83\",\"quantity\":\"1\",\"price\":\"390000\",\"discount\":\"0\"}]', 1, 0, '2017-10-18 09:23:02', '0000-00-00 00:00:00', 2, 0, 0),
(162, 'PX0000083', 0, 2, '2017-10-18 16:23:18', '', 1, 600000, 250000, 0, 600000, 600000, 1, 0, '[{\"id\":\"81\",\"quantity\":\"1\",\"price\":\"600000\",\"discount\":\"0\"}]', 1, 0, '2017-10-18 09:23:18', '0000-00-00 00:00:00', 2, 0, 0),
(163, 'PX0000084', 0, 1, '2017-10-18 20:57:58', '', 1, 600000, 250000, 100000, 650000, 500000, 1, 0, '[{\"id\":\"81\",\"quantity\":\"1\",\"price\":\"600000\",\"discount\":\"0\"}]', 1, 0, '2017-10-18 13:57:58', '0000-00-00 00:00:00', 2, 0, 2),
(164, 'PX0000085', 0, 1, '2017-10-19 14:29:22', 's1', 1, 600000, 250000, 0, 600000, 600000, 1, 0, '[{\"id\":\"81\",\"quantity\":\"1\",\"price\":\"600000\",\"discount\":\"0\"}]', 1, 0, '2017-10-19 07:29:22', '0000-00-00 00:00:00', 2, 0, 2),
(165, 'PX0000086', 0, 1, '2017-10-19 14:29:51', 'test', 2, 480000, 190000, 100000, 500000, 380000, 1, 0, '[{\"id\":\"82\",\"quantity\":\"1\",\"price\":\"480000\",\"discount\":\"0\"}]', 1, 0, '2017-10-19 07:29:51', '0000-00-00 00:00:00', 2, 0, 2),
(166, 'PX0000087', 0, 2, '2017-10-20 15:03:33', '', 1, 600000, 250000, 0, 600000, 600000, 1, 0, '[{\"id\":\"81\",\"quantity\":\"1\",\"price\":\"600000\",\"discount\":\"0\"}]', 1, 0, '2017-10-20 08:03:33', '0000-00-00 00:00:00', 2, 0, 2),
(167, 'PX0000088', 20, 6, '2017-10-20 21:07:00', '', 1, 600000, 250000, 0, 800000, 600000, 1, 0, '[{\"id\":\"81\",\"quantity\":\"1\",\"price\":\"600000\",\"discount\":\"0\"}]', 1, 0, '2017-10-20 14:07:14', '0000-00-00 00:00:00', 2, 0, 2),
(168, 'PX0000089', 0, 2, '2017-10-21 16:49:34', '', 1, 600000, 250000, 0, 600000, 600000, 1, 0, '[{\"id\":\"81\",\"quantity\":\"1\",\"price\":\"600000\",\"discount\":\"0\"}]', 1, 0, '2017-10-21 09:49:34', '0000-00-00 00:00:00', 2, 0, 0),
(169, 'PX0000090', 4, 2, '2017-10-21 17:33:16', 'Khách nợ', 2, 600000, 0, 100000, 400000, 500000, 1, 100000, '[{\"id\":\"81\",\"quantity\":\"1\",\"price\":\"600000\",\"discount\":\"0\"}]', 0, 0, '2017-10-21 10:33:16', '0000-00-00 00:00:00', 2, 0, 2),
(170, 'PX0000091', 0, 2, '2017-10-25 12:04:29', '', 1, 480000, 190000, 0, 480000, 480000, 1, 0, '[{\"id\":\"82\",\"quantity\":\"1\",\"price\":\"480000\",\"discount\":\"0\"}]', 1, 0, '2017-10-25 05:04:29', '0000-00-00 00:00:00', 2, 0, 0),
(171, 'PX0000092', 0, 1, '2017-10-25 17:19:51', '', 1, 2200000, 1700000, 0, 2200000, 2200000, 1, 0, '[{\"id\":\"102\",\"quantity\":\"1\",\"price\":\"2200000\",\"discount\":\"0\"}]', 1, 0, '2017-10-25 10:19:51', '0000-00-00 00:00:00', 2, 0, 2),
(172, 'PX0000093', 4, 1, '2017-10-25 18:58:17', '', 1, 600000, 250000, 0, 600000, 600000, 1, 0, '[{\"id\":\"81\",\"quantity\":\"1\",\"price\":\"600000\",\"discount\":\"0\"}]', 1, 0, '2017-10-25 11:58:17', '0000-00-00 00:00:00', 2, 0, 0),
(173, 'PX0000094', 4, 1, '2017-10-26 16:29:03', '', 1, 480000, 190000, 0, 480000, 480000, 1, 0, '[{\"id\":\"82\",\"quantity\":\"1\",\"price\":\"480000\",\"discount\":\"0\"}]', 1, 0, '2017-10-26 09:29:03', '0000-00-00 00:00:00', 2, 0, 0),
(174, 'PX0000095', 4, 1, '2017-10-27 05:13:23', '', 1, 480000, 190000, 0, 480000, 480000, 1, 0, '[{\"id\":\"82\",\"quantity\":\"1\",\"price\":\"480000\",\"discount\":\"0\"}]', 1, 0, '2017-10-26 22:13:23', '0000-00-00 00:00:00', 2, 0, 0),
(175, 'PX0000096', 4, 2, '2017-10-27 15:43:35', '', 1, 48000000, 19000000, 0, 48000000, 48000000, 100, 0, '[{\"id\":\"82\",\"quantity\":\"100\",\"price\":\"480000\",\"discount\":\"0\"}]', 1, 0, '2017-10-27 08:43:35', '0000-00-00 00:00:00', 2, 0, 2),
(176, 'PX0000097', 21, 2, '2017-10-27 15:46:23', '', 1, 2400000, 950000, 0, 2400000, 2400000, 5, 0, '[{\"id\":\"82\",\"quantity\":\"5\",\"price\":\"480000\",\"discount\":\"0\"}]', 1, 0, '2017-10-27 08:46:23', '0000-00-00 00:00:00', 2, 0, 2),
(177, 'PX0000098', 0, 1, '2017-10-27 18:17:57', '', 1, 580000, 230000, 0, 580000, 580000, 1, 0, '[{\"id\":\"84\",\"quantity\":\"1\",\"price\":\"580000\",\"discount\":\"0\"}]', 1, 0, '2017-10-27 11:17:57', '0000-00-00 00:00:00', 2, 0, 0),
(178, 'PX0000099', 24, 6, '2017-10-29 19:36:58', '', 1, 600000, 250000, 0, 600000, 600000, 1, 0, '[{\"id\":\"81\",\"quantity\":\"1\",\"price\":\"600000\",\"discount\":\"0\"}]', 1, 1, '2017-10-29 12:36:58', '2017-10-29 13:22:27', 2, 2, 0),
(179, 'PX0000100', 25, 1, '2017-10-29 20:12:46', '', 1, 390000, 120000, 0, 390000, 390000, 1, 0, '[{\"id\":\"83\",\"quantity\":\"1\",\"price\":\"390000\",\"discount\":\"0\"}]', 1, 1, '2017-10-29 13:12:46', '2017-10-29 13:22:24', 2, 2, 0),
(180, 'PX0000101', 22, 1, '2017-10-29 20:22:00', 'Đã mua chưa chuyển khoản', 1, 150000, 100000, 0, 150000, 150000, 5, 0, '[{\"id\":\"103\",\"quantity\":\"5\",\"price\":\"30000\",\"discount\":\"0\"}]', 1, 0, '2017-10-29 13:23:15', '0000-00-00 00:00:00', 2, 0, 2),
(181, 'PX0000102', 0, 1, '2017-10-30 20:43:56', '', 1, 19906665, 2653332, 0, 19906665, 19906665, 9, 0, '[{\"id\":\"82\",\"quantity\":\"3\",\"price\":\"480000\",\"discount\":\"0\"},{\"id\":\"81\",\"quantity\":\"3\",\"price\":\"600000\",\"discount\":\"0\"},{\"id\":\"93\",\"quantity\":\"3\",\"price\":\"5555555\",\"discount\":\"0\"}]', 1, 0, '2017-10-30 13:43:56', '0000-00-00 00:00:00', 2, 0, 0),
(182, 'PX0000103', 0, 2, '2017-10-30 20:44:40', '', 1, 480000, 190000, 0, 480000, 480000, 1, 0, '[{\"id\":\"82\",\"quantity\":\"1\",\"price\":\"480000\",\"discount\":\"0\"}]', 1, 0, '2017-10-30 13:44:40', '0000-00-00 00:00:00', 2, 0, 0),
(183, 'PX0000104', 4, 2, '2017-10-31 16:51:00', 'gggg', 1, 960000, 380000, 10, 940000, 959990, 2, 19990, '[{\"id\":\"82\",\"quantity\":\"2\",\"price\":\"480000\",\"discount\":\"0\"}]', 1, 0, '2017-10-31 09:52:05', '0000-00-00 00:00:00', 2, 0, 2),
(184, 'PX0000105', 4, 2, '2017-10-31 17:35:47', '', 1, 15000000, 10000000, 10, 14999990, 14999990, 10, 0, '[{\"id\":\"104\",\"quantity\":\"10\",\"price\":\"1500000\",\"discount\":\"0\"}]', 1, 0, '2017-10-31 10:35:47', '0000-00-00 00:00:00', 2, 0, 2),
(185, 'PX0000106', 26, 1, '2017-11-02 22:03:25', '', 2, 600000, 250000, 0, 600000, 600000, 1, 0, '[{\"id\":\"81\",\"quantity\":\"1\",\"price\":\"600000\",\"discount\":\"0\"}]', 1, 0, '2017-11-02 15:03:25', '0000-00-00 00:00:00', 2, 0, 4),
(186, 'PX0000107', 14, 1, '2017-11-02 22:09:54', '', 1, 390000, 120000, 0, 390000, 390000, 1, 0, '[{\"id\":\"83\",\"quantity\":\"1\",\"price\":\"390000\",\"discount\":\"0\"}]', 1, 0, '2017-11-02 15:09:54', '0000-00-00 00:00:00', 2, 0, 2),
(187, 'PX0000108', 27, 1, '2017-11-04 15:03:29', '', 1, 11589998, 9897776, 0, 11589998, 11589998, 4, 0, '[{\"id\":\"97\",\"quantity\":\"1\",\"price\":\"88888\",\"discount\":\"0\"},{\"id\":\"83\",\"quantity\":\"1\",\"price\":\"390000\",\"discount\":\"0\"},{\"id\":\"93\",\"quantity\":\"2\",\"price\":\"5555555\",\"discount\":\"0\"}]', 1, 0, '2017-11-04 08:03:29', '0000-00-00 00:00:00', 2, 0, 2),
(188, 'PX0000109', 27, 1, '2017-11-05 01:16:18', '', 1, 177776, 17777776, 0, 20000000, 177776, 2, 0, '[{\"id\":\"97\",\"quantity\":\"2\",\"price\":\"88888\",\"discount\":\"0\"}]', 1, 0, '2017-11-04 18:16:18', '0000-00-00 00:00:00', 2, 0, 2),
(189, 'PX0000110', 4, 6, '2017-11-06 01:08:39', '', 1, 2100000, 1250000, 100000, 0, 2000000, 2, 2000000, '[{\"id\":\"104\",\"quantity\":\"1\",\"price\":\"1500000\",\"discount\":\"0\"},{\"id\":\"81\",\"quantity\":\"1\",\"price\":\"600000\",\"discount\":\"0\"}]', 1, 0, '2017-11-05 18:08:39', '0000-00-00 00:00:00', 2, 0, 2),
(190, 'PX0000111', 4, 2, '2017-11-06 21:38:10', '', 1, 600000, 250000, 0, 600000, 600000, 1, 0, '[{\"id\":\"81\",\"quantity\":\"1\",\"price\":\"600000\",\"discount\":\"0\"}]', 1, 0, '2017-11-06 14:38:10', '0000-00-00 00:00:00', 2, 0, 0),
(191, 'PX0000112', 0, 2, '2017-11-06 22:01:23', '', 1, 600000, 250000, 0, 600000, 600000, 1, 0, '[{\"id\":\"81\",\"quantity\":\"1\",\"price\":\"600000\",\"discount\":\"0\"}]', 1, 0, '2017-11-06 15:01:23', '0000-00-00 00:00:00', 2, 0, 0),
(192, 'PX0000113', 0, 2, '2017-11-08 12:23:42', '', 1, 600000, 250000, 0, 600000, 600000, 1, 0, '[{\"id\":\"81\",\"quantity\":\"1\",\"price\":\"600000\",\"discount\":\"0\"}]', 1, 0, '2017-11-08 05:23:42', '0000-00-00 00:00:00', 2, 0, 0),
(193, 'PX0000114', 0, 1, '2017-11-20 17:59:00', '', 1, 3600000, 1500000, 2000, 3598000, 3598000, 6, 0, '[{\"id\":\"81\",\"quantity\":\"6\",\"price\":\"600000\",\"discount\":\"0\"}]', 1, 0, '2017-11-20 11:00:22', '0000-00-00 00:00:00', 2, 0, 2),
(194, 'PX0000115', 0, 1, '2017-11-20 18:00:55', '', 1, 480000, 0, 1000, 479000, 479000, 1, 0, '[{\"id\":\"82\",\"quantity\":\"1\",\"price\":\"480000\",\"discount\":\"0\"}]', 0, 0, '2017-11-20 11:00:55', '0000-00-00 00:00:00', 2, 0, 0),
(195, 'PX0000116', 0, 1, '2017-11-21 08:22:30', '', 1, 16640000, 6110000, 0, 16640000, 16640000, 35, 0, '[{\"id\":\"82\",\"quantity\":\"10\",\"price\":\"480000\",\"discount\":\"0\"},{\"id\":\"84\",\"quantity\":\"11\",\"price\":\"580000\",\"discount\":\"0\"},{\"id\":\"83\",\"quantity\":\"14\",\"price\":\"390000\",\"discount\":\"0\"}]', 1, 0, '2017-11-21 01:22:30', '0000-00-00 00:00:00', 2, 0, 0),
(196, 'PX0000117', 0, 1, '2017-11-21 08:50:20', '', 1, 15600000, 4800000, 0, 15600000, 15600000, 40, 0, '[{\"id\":\"83\",\"quantity\":\"40\",\"price\":\"390000\",\"discount\":\"0\"}]', 1, 1, '2017-11-21 01:50:20', '2017-11-21 15:40:16', 2, 2, 0),
(197, 'PX0000118', 30, 1, '2017-11-21 09:37:00', 'Gửi cho tui', 1, 13880000, 5500000, 100, 13879900, 13879900, 26, 0, '[{\"id\":\"82\",\"quantity\":\"12\",\"price\":\"480000\",\"discount\":\"0\"},{\"id\":\"84\",\"quantity\":\"14\",\"price\":\"580000\",\"discount\":\"0\"}]', 1, 1, '2017-11-21 02:37:40', '2017-11-21 03:36:07', 2, 2, 2),
(198, 'PX0000119', 0, 2, '2017-11-21 10:35:23', '', 1, 3510000, 0, 0, 3510000, 3510000, 9, 0, '[{\"id\":\"83\",\"quantity\":\"9\",\"price\":\"390000\",\"discount\":\"0\"}]', 0, 1, '2017-11-21 03:35:23', '2017-11-21 03:36:03', 2, 2, 0),
(199, 'PX0000120', 0, 1, '2017-11-21 22:48:43', '', 1, 5555555, 444444, 0, 5555555, 5555555, 1, 0, '[{\"id\":\"93\",\"quantity\":\"1\",\"price\":\"5555555\",\"discount\":\"0\"}]', 1, 0, '2017-11-21 15:48:43', '0000-00-00 00:00:00', 2, 0, 0),
(200, 'PX0000121', 0, 1, '2017-11-24 09:52:56', '', 1, 6155555, 694444, 0, 6155555, 6155555, 2, 0, '[{\"id\":\"93\",\"quantity\":\"1\",\"price\":\"5555555\",\"discount\":\"0\"},{\"id\":\"81\",\"quantity\":\"1\",\"price\":\"600000\",\"discount\":\"0\"}]', 1, 0, '2017-11-24 02:52:56', '0000-00-00 00:00:00', 2, 0, 0),
(201, 'PX0000122', 0, 1, '2017-11-24 14:02:05', '', 1, 480000, 190000, 0, 480000, 480000, 1, 0, '[{\"id\":\"82\",\"quantity\":\"1\",\"price\":\"480000\",\"discount\":\"0\"}]', 1, 0, '2017-11-24 07:02:05', '0000-00-00 00:00:00', 2, 0, 0),
(202, 'PX0000123', 0, 1, '2017-11-24 14:03:02', '', 1, 480000, 190000, 0, 580000, 480000, 1, 0, '[{\"id\":\"82\",\"quantity\":\"1\",\"price\":\"480000\",\"discount\":\"0\"}]', 1, 0, '2017-11-24 07:03:02', '0000-00-00 00:00:00', 2, 0, 0),
(203, 'PX0000124', 4, 1, '2017-11-24 21:00:00', '', 2, 600000, 0, 0, 600000, 600000, 1, 0, '[{\"id\":\"81\",\"quantity\":\"1\",\"price\":\"600000\",\"discount\":\"0\"}]', 0, 0, '2017-11-24 07:04:09', '0000-00-00 00:00:00', 2, 0, 2),
(204, 'PX0000125', 0, 2, '2017-11-28 13:12:00', 'chào', 1, 3000000, 1250000, 1000000, 2000000, 2000000, 5, 0, '[{\"id\":\"81\",\"quantity\":\"5\",\"price\":\"600000\",\"discount\":\"0\"}]', 1, 0, '2017-11-28 06:13:27', '0000-00-00 00:00:00', 2, 0, 2),
(205, 'PX0000126', 6, 2, '2017-12-01 13:45:00', '', 1, 0, 0, 0, 0, 0, 2, 0, '[{\"id\":\"108\",\"quantity\":\"1\",\"price\":\"0\",\"discount\":\"0\"},{\"id\":\"109\",\"quantity\":\"1\",\"price\":\"0\",\"discount\":\"0\"}]', 1, 0, '2017-12-01 06:46:05', '0000-00-00 00:00:00', 2, 0, 2),
(206, 'PX0000127', 6, 2, '2017-12-01 13:45:00', '', 1, 0, 0, 0, 0, 0, 2, 0, '[{\"id\":\"108\",\"quantity\":\"1\",\"price\":\"0\",\"discount\":\"0\"},{\"id\":\"109\",\"quantity\":\"1\",\"price\":\"0\",\"discount\":\"0\"}]', 1, 0, '2017-12-01 06:46:11', '0000-00-00 00:00:00', 2, 0, 2),
(207, 'PX0000128', 6, 2, '2017-12-01 13:45:00', '', 1, 0, 0, 0, 0, 0, 2, 0, '[{\"id\":\"108\",\"quantity\":\"1\",\"price\":\"0\",\"discount\":\"0\"},{\"id\":\"109\",\"quantity\":\"1\",\"price\":\"0\",\"discount\":\"0\"}]', 1, 0, '2017-12-01 06:46:15', '0000-00-00 00:00:00', 2, 0, 2),
(208, 'PX0000129', 6, 2, '2017-12-01 13:45:00', '', 1, 0, 0, 0, 0, 0, 2, 0, '[{\"id\":\"108\",\"quantity\":\"1\",\"price\":\"0\",\"discount\":\"0\"},{\"id\":\"109\",\"quantity\":\"1\",\"price\":\"0\",\"discount\":\"0\"}]', 1, 0, '2017-12-01 06:46:18', '0000-00-00 00:00:00', 2, 0, 2),
(209, 'PX0000130', 6, 2, '2017-12-01 13:45:00', '', 1, 0, 0, 0, 0, 0, 2, 0, '[{\"id\":\"108\",\"quantity\":\"1\",\"price\":\"0\",\"discount\":\"0\"},{\"id\":\"109\",\"quantity\":\"1\",\"price\":\"0\",\"discount\":\"0\"}]', 1, 0, '2017-12-01 06:46:19', '0000-00-00 00:00:00', 2, 0, 2),
(210, 'PX0000131', 6, 2, '2017-12-01 13:45:00', '', 1, 0, 0, 0, 0, 0, 2, 0, '[{\"id\":\"108\",\"quantity\":\"1\",\"price\":\"0\",\"discount\":\"0\"},{\"id\":\"109\",\"quantity\":\"1\",\"price\":\"0\",\"discount\":\"0\"}]', 1, 0, '2017-12-01 06:46:19', '0000-00-00 00:00:00', 2, 0, 2),
(211, 'PX0000132', 6, 2, '2017-12-01 13:45:00', '', 1, 0, 0, 0, 0, 0, 2, 0, '[{\"id\":\"108\",\"quantity\":\"1\",\"price\":\"0\",\"discount\":\"0\"},{\"id\":\"109\",\"quantity\":\"1\",\"price\":\"0\",\"discount\":\"0\"}]', 1, 0, '2017-12-01 06:46:20', '0000-00-00 00:00:00', 2, 0, 2),
(212, 'PX0000133', 6, 2, '2017-12-01 13:45:00', '', 1, 0, 0, 0, 0, 0, 2, 0, '[{\"id\":\"108\",\"quantity\":\"1\",\"price\":\"0\",\"discount\":\"0\"},{\"id\":\"109\",\"quantity\":\"1\",\"price\":\"0\",\"discount\":\"0\"}]', 1, 0, '2017-12-01 06:46:20', '0000-00-00 00:00:00', 2, 0, 2),
(213, 'PX0000134', 6, 2, '2017-12-01 13:45:00', '', 1, 0, 0, 0, 0, 0, 2, 0, '[{\"id\":\"108\",\"quantity\":\"1\",\"price\":\"0\",\"discount\":\"0\"},{\"id\":\"109\",\"quantity\":\"1\",\"price\":\"0\",\"discount\":\"0\"}]', 1, 0, '2017-12-01 06:46:20', '0000-00-00 00:00:00', 2, 0, 2),
(214, 'PX0000135', 6, 2, '2017-12-01 13:45:00', '', 1, 0, 0, 0, 0, 0, 2, 0, '[{\"id\":\"108\",\"quantity\":\"1\",\"price\":\"0\",\"discount\":\"0\"},{\"id\":\"109\",\"quantity\":\"1\",\"price\":\"0\",\"discount\":\"0\"}]', 1, 0, '2017-12-01 06:46:20', '0000-00-00 00:00:00', 2, 0, 2),
(215, 'PX0000136', 0, 2, '2017-12-01 13:45:00', '', 1, 0, 0, 0, 0, 0, 2, 0, '[{\"id\":\"108\",\"quantity\":\"1\",\"price\":\"0\",\"discount\":\"0\"},{\"id\":\"109\",\"quantity\":\"1\",\"price\":\"0\",\"discount\":\"0\"}]', 1, 0, '2017-12-01 06:46:28', '0000-00-00 00:00:00', 2, 0, 2),
(216, 'PX0000137', 0, 2, '2017-12-01 13:45:00', '', 1, 0, 0, 0, 0, 0, 2, 0, '[{\"id\":\"108\",\"quantity\":\"1\",\"price\":\"0\",\"discount\":\"0\"},{\"id\":\"109\",\"quantity\":\"1\",\"price\":\"0\",\"discount\":\"0\"}]', 1, 0, '2017-12-01 06:46:28', '0000-00-00 00:00:00', 2, 0, 2),
(217, 'PX0000138', 0, 2, '2017-12-01 13:45:00', '', 1, 0, 0, 0, 0, 0, 2, 0, '[{\"id\":\"108\",\"quantity\":\"1\",\"price\":\"0\",\"discount\":\"0\"},{\"id\":\"109\",\"quantity\":\"1\",\"price\":\"0\",\"discount\":\"0\"}]', 1, 0, '2017-12-01 06:46:29', '0000-00-00 00:00:00', 2, 0, 2),
(218, 'PX0000139', 0, 2, '2017-12-01 13:45:00', '', 1, 0, 0, 0, 0, 0, 2, 0, '[{\"id\":\"108\",\"quantity\":\"1\",\"price\":\"0\",\"discount\":\"0\"},{\"id\":\"109\",\"quantity\":\"1\",\"price\":\"0\",\"discount\":\"0\"}]', 1, 0, '2017-12-01 06:46:29', '0000-00-00 00:00:00', 2, 0, 2),
(219, 'PX0000140', 0, 2, '2017-12-01 13:46:38', '', 1, 0, 0, 0, 0, 0, 1, 0, '[{\"id\":\"109\",\"quantity\":\"1\",\"price\":\"0\",\"discount\":\"0\"}]', 1, 0, '2017-12-01 06:46:38', '0000-00-00 00:00:00', 2, 0, 0),
(220, 'PX0000141', 0, 2, '2017-12-01 13:46:39', '', 1, 0, 0, 0, 0, 0, 1, 0, '[{\"id\":\"109\",\"quantity\":\"1\",\"price\":\"0\",\"discount\":\"0\"}]', 1, 0, '2017-12-01 06:46:39', '0000-00-00 00:00:00', 2, 0, 0),
(221, 'PX0000142', 0, 2, '2017-12-01 13:46:41', '', 1, 0, 0, 0, 0, 0, 1, 0, '[{\"id\":\"109\",\"quantity\":\"1\",\"price\":\"0\",\"discount\":\"0\"}]', 1, 0, '2017-12-01 06:46:41', '0000-00-00 00:00:00', 2, 0, 0),
(222, 'PX0000143', 0, 2, '2017-12-01 13:46:41', '', 1, 0, 0, 0, 0, 0, 1, 0, '[{\"id\":\"109\",\"quantity\":\"1\",\"price\":\"0\",\"discount\":\"0\"}]', 1, 0, '2017-12-01 06:46:41', '0000-00-00 00:00:00', 2, 0, 0),
(223, 'PX0000144', 0, 2, '2017-12-01 13:46:41', '', 1, 0, 0, 0, 0, 0, 1, 0, '[{\"id\":\"109\",\"quantity\":\"1\",\"price\":\"0\",\"discount\":\"0\"}]', 1, 0, '2017-12-01 06:46:41', '0000-00-00 00:00:00', 2, 0, 0),
(224, 'PX0000145', 0, 2, '2017-12-07 00:13:35', '', 1, 0, -66667, 0, 0, 0, 1, 0, '[{\"id\":\"108\",\"quantity\":\"1\",\"price\":\"0\",\"discount\":\"0\"}]', 1, 0, '2017-12-06 17:13:35', '0000-00-00 00:00:00', 2, 0, 2),
(225, 'PX0000146', 0, 2, '2017-12-07 00:13:40', '', 1, 0, -66667, 0, 0, 0, 1, 0, '[{\"id\":\"108\",\"quantity\":\"1\",\"price\":\"0\",\"discount\":\"0\"}]', 1, 0, '2017-12-06 17:13:40', '0000-00-00 00:00:00', 2, 0, 2),
(226, 'PX0000147', 0, 2, '2017-12-07 00:13:46', '', 1, 0, -66667, 0, 0, 0, 1, 0, '[{\"id\":\"108\",\"quantity\":\"1\",\"price\":\"0\",\"discount\":\"0\"}]', 1, 0, '2017-12-06 17:13:46', '0000-00-00 00:00:00', 2, 0, 2),
(227, 'PX0000148', 0, 2, '2017-12-07 00:13:47', '', 1, 0, -66667, 0, 0, 0, 1, 0, '[{\"id\":\"108\",\"quantity\":\"1\",\"price\":\"0\",\"discount\":\"0\"}]', 1, 0, '2017-12-06 17:13:47', '0000-00-00 00:00:00', 2, 0, 2),
(228, 'PX0000149', 0, 2, '2017-12-07 00:13:47', '', 1, 0, -66667, 0, 0, 0, 1, 0, '[{\"id\":\"108\",\"quantity\":\"1\",\"price\":\"0\",\"discount\":\"0\"}]', 1, 0, '2017-12-06 17:13:47', '0000-00-00 00:00:00', 2, 0, 2),
(229, 'PX0000150', 0, 2, '2017-12-07 00:13:48', '', 1, 0, -66667, 0, 0, 0, 1, 0, '[{\"id\":\"108\",\"quantity\":\"1\",\"price\":\"0\",\"discount\":\"0\"}]', 1, 0, '2017-12-06 17:13:48', '0000-00-00 00:00:00', 2, 0, 2),
(230, 'PX0000151', 0, 2, '2017-12-07 00:13:48', '', 1, 0, -66667, 0, 0, 0, 1, 0, '[{\"id\":\"108\",\"quantity\":\"1\",\"price\":\"0\",\"discount\":\"0\"}]', 1, 0, '2017-12-06 17:13:48', '0000-00-00 00:00:00', 2, 0, 2),
(231, 'PX0000152', 0, 2, '2017-12-07 00:13:48', '', 1, 0, -66667, 0, 0, 0, 1, 0, '[{\"id\":\"108\",\"quantity\":\"1\",\"price\":\"0\",\"discount\":\"0\"}]', 1, 0, '2017-12-06 17:13:48', '0000-00-00 00:00:00', 2, 0, 2),
(232, 'PX0000153', 0, 2, '2017-12-07 00:13:48', '', 1, 0, -66667, 0, 0, 0, 1, 0, '[{\"id\":\"108\",\"quantity\":\"1\",\"price\":\"0\",\"discount\":\"0\"}]', 1, 0, '2017-12-06 17:13:48', '0000-00-00 00:00:00', 2, 0, 2),
(233, 'PX0000154', 0, 2, '2017-12-07 00:13:50', '', 1, 0, -66667, 0, 0, 0, 1, 0, '[{\"id\":\"108\",\"quantity\":\"1\",\"price\":\"0\",\"discount\":\"0\"}]', 1, 0, '2017-12-06 17:13:50', '0000-00-00 00:00:00', 2, 0, 2),
(234, 'PX0000155', 0, 2, '2017-12-07 00:13:52', '', 1, 0, -66667, 0, 0, 0, 1, 0, '[{\"id\":\"108\",\"quantity\":\"1\",\"price\":\"0\",\"discount\":\"0\"}]', 1, 0, '2017-12-06 17:13:52', '0000-00-00 00:00:00', 2, 0, 2),
(235, 'PX0000156', 0, 2, '2017-12-07 00:15:01', '', 1, 0, -66667, 0, 0, 0, 1, 0, '[{\"id\":\"108\",\"quantity\":\"1\",\"price\":\"0\",\"discount\":\"0\"}]', 1, 0, '2017-12-06 17:15:01', '0000-00-00 00:00:00', 2, 0, 2),
(236, 'PX0000157', 0, 2, '2017-12-07 00:15:02', '', 1, 0, -66667, 0, 0, 0, 1, 0, '[{\"id\":\"108\",\"quantity\":\"1\",\"price\":\"0\",\"discount\":\"0\"}]', 1, 0, '2017-12-06 17:15:02', '0000-00-00 00:00:00', 2, 0, 2),
(237, 'PX0000158', 0, 2, '2017-12-07 01:52:55', '', 1, 30000, 20000, 2000, 28000, 28000, 2, 0, '[{\"id\":\"111\",\"quantity\":\"2\",\"price\":\"15000\",\"discount\":\"0\"}]', 1, 0, '2017-12-06 18:52:55', '0000-00-00 00:00:00', 2, 0, 0),
(238, 'PX0000159', 32, 2, '2017-12-08 11:35:27', '', 1, 50000, 40000, 0, 30000, 50000, 2, 20000, '[{\"id\":\"112\",\"quantity\":\"2\",\"price\":\"25000\",\"discount\":\"0\"}]', 1, 0, '2017-12-08 04:35:27', '0000-00-00 00:00:00', 2, 0, 5),
(239, 'PX0000160', 33, 1, '2017-12-13 23:54:16', '', 1, 75000, 60000, 0, 75000, 75000, 3, 0, '[{\"id\":\"112\",\"quantity\":\"3\",\"price\":\"25000\",\"discount\":\"0\"}]', 1, 0, '2017-12-13 16:54:16', '0000-00-00 00:00:00', 2, 0, 0),
(240, 'PX0000161', 0, 6, '2017-12-14 08:39:58', '', 1, 70000, 50000, 0, 70000, 70000, 4, 0, '[{\"id\":\"112\",\"quantity\":\"1\",\"price\":\"25000\",\"discount\":\"0\"},{\"id\":\"111\",\"quantity\":\"3\",\"price\":\"15000\",\"discount\":\"0\"}]', 1, 0, '2017-12-14 01:39:58', '0000-00-00 00:00:00', 2, 0, 0),
(241, 'PX0000162', 5, 6, '2017-12-14 08:40:58', 'dfafdf', 1, 40000, 30000, 2000, 38000, 38000, 2, 0, '[{\"id\":\"112\",\"quantity\":\"1\",\"price\":\"25000\",\"discount\":\"0\"},{\"id\":\"111\",\"quantity\":\"1\",\"price\":\"15000\",\"discount\":\"0\"}]', 1, 0, '2017-12-14 01:40:58', '0000-00-00 00:00:00', 2, 0, 2);

-- --------------------------------------------------------

--
-- Cấu trúc bảng cho bảng `cms_permissions`
--

CREATE TABLE `cms_permissions` (
  `id` int(10) UNSIGNED NOT NULL,
  `permission_url` varchar(255) NOT NULL,
  `permission_name` varchar(150) NOT NULL
) ENGINE=MyISAM DEFAULT CHARSET=utf8;

--
-- Đang đổ dữ liệu cho bảng `cms_permissions`
--

INSERT INTO `cms_permissions` (`id`, `permission_url`, `permission_name`) VALUES
(1, 'backend/dashboard', 'Báo cáo mỗi ngày'),
(2, 'backend/order', 'Đơn hàng'),
(3, 'backend/product', 'Hàng Hóa'),
(5, 'backend/import', 'Nhập hàng'),
(6, 'backend/inventory', 'Báo cáo tồn kho'),
(10, 'backend/config', 'Thiết lập (Thông tin cửa hàng, nhân viên, thiết lập bán hàng, phân quyền)');

-- --------------------------------------------------------

--
-- Cấu trúc bảng cho bảng `cms_products`
--

CREATE TABLE `cms_products` (
  `ID` int(10) UNSIGNED NOT NULL,
  `prd_code` varchar(15) NOT NULL,
  `prd_name` varchar(255) NOT NULL,
  `prd_sls` int(11) NOT NULL,
  `prd_origin_price` int(11) NOT NULL,
  `prd_sell_price` int(11) NOT NULL,
  `prd_vat` tinyint(4) NOT NULL,
  `prd_status` tinyint(1) NOT NULL DEFAULT '1',
  `prd_inventory` tinyint(1) NOT NULL,
  `prd_allownegative` tinyint(1) NOT NULL,
  `prd_manufacture_id` int(11) NOT NULL,
  `prd_group_id` int(11) NOT NULL,
  `prd_image_url` int(11) NOT NULL,
  `prd_descriptions` text NOT NULL,
  `prd_manuf_id` int(11) NOT NULL,
  `prd_hot` tinyint(1) NOT NULL,
  `prd_new` tinyint(1) NOT NULL,
  `prd_highlight` tinyint(1) NOT NULL,
  `display_website` tinyint(1) NOT NULL,
  `created` datetime NOT NULL DEFAULT CURRENT_TIMESTAMP,
  `updated` datetime NOT NULL DEFAULT '0000-00-00 00:00:00' ON UPDATE CURRENT_TIMESTAMP,
  `user_init` int(11) NOT NULL,
  `user_upd` int(11) NOT NULL,
  `deleted` tinyint(1) NOT NULL DEFAULT '0'
) ENGINE=MyISAM DEFAULT CHARSET=utf8;

--
-- Đang đổ dữ liệu cho bảng `cms_products`
--

INSERT INTO `cms_products` (`ID`, `prd_code`, `prd_name`, `prd_sls`, `prd_origin_price`, `prd_sell_price`, `prd_vat`, `prd_status`, `prd_inventory`, `prd_allownegative`, `prd_manufacture_id`, `prd_group_id`, `prd_image_url`, `prd_descriptions`, `prd_manuf_id`, `prd_hot`, `prd_new`, `prd_highlight`, `display_website`, `created`, `updated`, `user_init`, `user_upd`, `deleted`) VALUES
(81, 'SP00001', 'SET ÁO SƠMI CỔ TRỤ VÀ QUẦN TÂY 2 NÚT A572-QD01', 51, 250000, 600000, 0, 1, 0, 0, 1, 19, 0, '', 0, 0, 0, 0, 0, '2017-09-25 22:41:27', '2017-12-01 01:10:17', 16, 0, 1),
(82, 'SP00002', 'ĐẦM TAY DƠI', -109, 190000, 480000, 0, 1, 1, 0, 7, 14, 0, '', 0, 0, 0, 0, 0, '2017-09-25 22:42:15', '2017-12-01 01:07:28', 16, 2, 1),
(83, 'SP00003', 'ÁO THUN CỔ TRÒN', 20, 120000, 390000, 0, 1, 0, 0, 2, 14, 0, '', 0, 0, 0, 0, 0, '2017-09-25 22:42:48', '2017-12-01 01:07:26', 16, 0, 1),
(84, 'SP00004', 'ĐẦM PHỐI PHỤ KIỆN 1', 13, 230000, 580000, 0, 1, 0, 0, 1, 0, 0, '', 0, 0, 0, 0, 0, '2017-09-25 22:43:22', '2017-12-01 01:07:24', 16, 0, 1),
(85, 'SP00005', 'Đầm bầu', 2991, 0, 0, 0, 1, 1, 1, 3, 14, 0, '', 0, 0, 0, 0, 0, '2017-09-27 19:41:59', '2017-10-17 22:30:42', 0, 0, 1),
(86, 'SP00006', 'A', 222, 312, 0, 0, 1, 0, 0, 1, 14, 0, '', 0, 0, 0, 0, 0, '2017-09-27 19:54:36', '2017-09-28 16:20:21', 0, 0, 1),
(87, 'SP00007', 'Sản phẩm test 9', 121221312, 31, 0, 0, 1, 0, 0, 3, 14, 0, '', 0, 0, 0, 0, 0, '2017-09-27 19:54:47', '2017-10-17 21:51:53', 0, 0, 1),
(88, 'SP00008', 'Sản phẩm test 8', -1, 0, 0, 0, 1, 0, 0, 3, 14, 0, '', 0, 0, 0, 0, 0, '2017-09-27 19:54:53', '2017-10-17 21:51:44', 0, 0, 1),
(89, 'SP00009', 'Sản phẩm test 7', -1, 0, 0, 0, 1, 0, 0, 3, 14, 0, '', 0, 0, 0, 0, 0, '2017-09-27 19:54:56', '2017-10-17 21:51:34', 0, 0, 1),
(90, 'SP00010', 'Sản phẩm test 6', 0, 0, 0, 0, 1, 0, 0, 3, 14, 0, '', 0, 0, 0, 0, 0, '2017-09-27 19:54:59', '2017-10-17 21:23:41', 0, 0, 1),
(91, 'SP00011', 'A', 0, 0, 0, 0, 1, 0, 0, 1, 14, 0, '', 0, 0, 0, 0, 0, '2017-09-27 19:55:06', '2017-09-27 20:50:02', 0, 0, 1),
(92, 'SP00012', 'Sản phẩm test 5', 3, 3000000, 30000000, 0, 1, 1, 0, 3, 14, 0, '', 0, 0, 0, 0, 0, '2017-10-03 01:08:07', '2017-10-17 08:15:13', 0, 0, 1),
(93, 'SP00013', 'Sản phẩm test 4', 1200, 444444, 5555555, 0, 1, 1, 0, 4, 14, 0, '', 0, 0, 0, 0, 0, '2017-10-03 01:08:24', '2017-12-01 01:10:17', 0, 0, 1),
(94, 'SP00014', 'Sản phẩm test 2', 3, 2147483647, 2147483647, 0, 1, 1, 0, 3, 14, 0, '', 0, 0, 0, 0, 0, '2017-10-03 01:08:50', '2017-10-17 21:23:35', 0, 0, 1),
(95, 'SP00015', '555555555555', 2147483647, 2147483647, 2147483647, 0, 0, 0, 0, 3, 14, 0, '', 0, 0, 0, 0, 0, '2017-10-03 01:09:00', '2017-10-17 15:53:36', 0, 0, 1),
(96, 'SP00016', 'Sản phẩm test 1', 777, 7777, 2147483647, 0, 1, 1, 0, 3, 14, 0, '', 0, 0, 0, 0, 0, '2017-10-03 01:09:11', '2017-10-17 08:15:08', 0, 0, 1),
(97, 'SP00017', '1234', 14, 8888888, 88888, 0, 0, 1, 1, 9, 18, 0, '', 0, 0, 0, 0, 0, '2017-10-03 01:09:19', '2017-11-21 02:20:50', 0, 2, 0),
(98, 'SP00018', 'Sơn mịn nội thất cao cấp', 32, 1000000, 1500000, 0, 0, 1, 0, 7, 21, 0, '', 0, 0, 0, 0, 0, '2017-10-17 21:54:43', '2017-10-18 13:23:47', 0, 0, 0),
(99, '6922711090696', 'Sách', 100, 10000, 100000, 0, 1, 1, 1, 0, 14, 0, '', 0, 0, 0, 0, 0, '2017-10-19 10:04:49', '2017-10-29 11:07:07', 2, 0, 1),
(100, 'hgwreherwhwrhwt', 'tgerhgewr', 0, 0, 0, 0, 1, 0, 0, 7, 14, 0, '', 0, 0, 0, 0, 0, '2017-10-23 17:22:06', '2017-10-23 17:22:32', 2, 0, 1),
(101, 'gvbdwfhbewrhbew', 'gewrhbrewhberwhe', 0, 0, 0, 0, 1, 0, 0, 7, 14, 0, '', 0, 0, 0, 0, 0, '2017-10-23 17:22:22', '2017-10-29 11:07:05', 2, 0, 1),
(102, '0123', 'iphone 5', 0, 1700000, 2200000, 0, 1, 1, 1, 9, 23, 0, '', 0, 0, 0, 0, 0, '2017-10-25 10:18:03', '2017-10-29 11:04:51', 2, 0, 1),
(103, 'SP00019', 'Mỹ phẩm trắng da', 5, 20000, 30000, 0, 0, 1, 1, 10, 24, 0, '', 0, 0, 0, 0, 0, '2017-10-29 11:14:52', '2017-11-06 15:43:48', 2, 0, 0),
(104, 'SP00020', 'Naruto Figure', 1015, 1000000, 1500000, 0, 0, 1, 1, 11, 25, 0, '', 0, 1, 1, 1, 1, '2017-10-31 10:32:14', '2017-11-06 15:43:31', 2, 2, 0),
(105, 'SP00021', 'Saskule', 5030, 1000000, 2000000, 0, 1, 1, 0, 8, 25, 0, '', 0, 0, 0, 0, 0, '2017-11-01 11:44:27', '2017-11-02 06:13:32', 2, 0, 1),
(106, 'SP00022', 'chen su-cxc', 101, 30000, 40000, 0, 1, 1, 0, 8, 14, 0, '', 0, 0, 0, 0, 0, '2017-11-04 09:51:06', '2017-12-01 01:07:20', 2, 2, 1),
(107, 'ww', 'a', 10, 1200, 1500, 0, 1, 1, 0, 9, 23, 0, '', 0, 0, 0, 0, 0, '2017-11-28 06:16:39', '2017-12-01 01:07:18', 2, 0, 1),
(108, 'LK001', 'Linh kiện 01', -16, -66667, 0, 0, 1, 1, 0, 11, 29, 0, '', 0, 0, 0, 0, 0, '2017-12-01 01:08:53', '2017-12-06 17:15:02', 2, 0, 0),
(109, 'LK002', 'Linh kiện 002', -18, 0, 0, 0, 1, 1, 0, 11, 29, 0, '', 0, 0, 0, 0, 0, '2017-12-01 01:09:17', '2017-12-01 06:46:41', 2, 0, 0),
(110, '8935049510840', '8935049510840', 11, 20000, 0, 0, 1, 1, 1, 8, 14, 0, '', 0, 0, 0, 0, 0, '2017-12-01 02:00:30', '2017-12-06 18:47:26', 2, 0, 0),
(111, 'SP00023', 'tét', -6, 10000, 15000, 0, 1, 0, 0, 9, 23, 0, '', 0, 0, 0, 0, 0, '2017-12-06 07:32:15', '2017-12-14 01:40:58', 2, 0, 0),
(112, 'SP00024', 'bot ngot 350g', 3, 20000, 25000, 0, 1, 1, 1, 8, 24, 0, '', 0, 0, 0, 0, 0, '2017-12-08 04:29:00', '2017-12-14 01:40:58', 2, 0, 0);

-- --------------------------------------------------------

--
-- Cấu trúc bảng cho bảng `cms_products_group`
--

CREATE TABLE `cms_products_group` (
  `ID` int(10) UNSIGNED NOT NULL,
  `prd_group_name` varchar(255) NOT NULL,
  `parentid` int(11) NOT NULL,
  `level` tinyint(4) NOT NULL,
  `lft` int(11) NOT NULL,
  `rgt` int(11) NOT NULL,
  `created` datetime NOT NULL,
  `updated` datetime NOT NULL,
  `user_init` tinyint(4) NOT NULL,
  `user_upd` tinyint(4) NOT NULL
) ENGINE=MyISAM DEFAULT CHARSET=utf8;

--
-- Đang đổ dữ liệu cho bảng `cms_products_group`
--

INSERT INTO `cms_products_group` (`ID`, `prd_group_name`, `parentid`, `level`, `lft`, `rgt`, `created`, `updated`, `user_init`, `user_upd`) VALUES
(14, 'Áo', -1, 0, 0, 0, '2017-08-29 21:01:59', '0000-00-00 00:00:00', 16, 0),
(15, 'Áo thun', 14, 1, 0, 0, '2017-08-29 21:02:08', '0000-00-00 00:00:00', 16, 0),
(16, 'Quần', -1, 0, 0, 0, '2017-08-29 21:02:14', '0000-00-00 00:00:00', 16, 0),
(17, 'Quần Jean', 16, 1, 0, 0, '2017-08-29 21:02:21', '0000-00-00 00:00:00', 16, 0),
(18, 'Áo thun 3 lỗ', 15, 2, 0, 0, '2017-09-16 11:54:33', '0000-00-00 00:00:00', 16, 0),
(19, 'Combo', -1, 0, 0, 0, '2017-09-25 22:40:27', '0000-00-00 00:00:00', 16, 0),
(21, 'Sơn nội thất', -1, 0, 0, 0, '2017-10-17 21:53:29', '0000-00-00 00:00:00', 0, 0),
(22, 'Sơn ngoại thất', -1, 0, 0, 0, '2017-10-17 21:53:36', '0000-00-00 00:00:00', 0, 0),
(23, 'Điện Thoại', -1, 0, 0, 0, '2017-10-25 17:17:13', '0000-00-00 00:00:00', 2, 0),
(24, 'Mỹ phẩm', -1, 0, 0, 0, '2017-10-29 18:06:07', '0000-00-00 00:00:00', 2, 0),
(25, 'Đồ chơi', -1, 0, 0, 0, '2017-10-31 17:31:27', '0000-00-00 00:00:00', 2, 0),
(26, 'cứt', 18, 3, 0, 0, '2017-11-02 15:23:36', '0000-00-00 00:00:00', 2, 0),
(27, '13344', 26, 4, 0, 0, '2017-11-21 09:21:20', '0000-00-00 00:00:00', 2, 0),
(28, 'LK', -1, 0, 0, 0, '2017-12-01 08:08:06', '0000-00-00 00:00:00', 2, 0),
(29, 'LK', 28, 1, 0, 0, '2017-12-01 08:08:24', '0000-00-00 00:00:00', 2, 0);

-- --------------------------------------------------------

--
-- Cấu trúc bảng cho bảng `cms_products_manufacture`
--

CREATE TABLE `cms_products_manufacture` (
  `ID` int(10) UNSIGNED NOT NULL,
  `prd_manuf_name` varchar(255) NOT NULL,
  `created` datetime NOT NULL,
  `updated` datetime NOT NULL,
  `user_init` int(11) NOT NULL,
  `user_upd` int(11) NOT NULL
) ENGINE=MyISAM DEFAULT CHARSET=utf8 ROW_FORMAT=COMPACT;

--
-- Đang đổ dữ liệu cho bảng `cms_products_manufacture`
--

INSERT INTO `cms_products_manufacture` (`ID`, `prd_manuf_name`, `created`, `updated`, `user_init`, `user_upd`) VALUES
(8, 'test', '2017-10-20 14:18:46', '0000-00-00 00:00:00', 2, 0),
(9, 'apple', '2017-10-25 17:17:58', '0000-00-00 00:00:00', 2, 0),
(10, 'cenlia', '2017-10-29 18:14:30', '0000-00-00 00:00:00', 2, 0),
(11, 'Tommy', '2017-10-31 17:31:50', '0000-00-00 00:00:00', 2, 0);

-- --------------------------------------------------------

--
-- Cấu trúc bảng cho bảng `cms_report`
--

CREATE TABLE `cms_report` (
  `ID` int(10) UNSIGNED NOT NULL,
  `transaction_code` varchar(9) NOT NULL,
  `transaction_id` int(10) NOT NULL,
  `customer_id` int(11) NOT NULL,
  `store_id` int(5) NOT NULL,
  `date` datetime NOT NULL DEFAULT CURRENT_TIMESTAMP,
  `notes` varchar(255) NOT NULL,
  `product_id` int(10) NOT NULL,
  `discount` int(11) NOT NULL,
  `total_money` int(13) NOT NULL,
  `origin_price` int(11) NOT NULL,
  `input` int(11) NOT NULL,
  `output` int(9) NOT NULL DEFAULT '0',
  `price` int(11) NOT NULL,
  `deleted` tinyint(1) NOT NULL DEFAULT '0',
  `created` datetime NOT NULL DEFAULT CURRENT_TIMESTAMP,
  `updated` datetime NOT NULL DEFAULT '0000-00-00 00:00:00' ON UPDATE CURRENT_TIMESTAMP,
  `user_init` int(11) NOT NULL,
  `user_upd` int(11) NOT NULL,
  `sale_id` int(5) NOT NULL,
  `supplier_id` int(11) NOT NULL,
  `type` tinyint(4) NOT NULL,
  `stock` int(11) NOT NULL
) ENGINE=MyISAM DEFAULT CHARSET=utf8;

--
-- Đang đổ dữ liệu cho bảng `cms_report`
--

INSERT INTO `cms_report` (`ID`, `transaction_code`, `transaction_id`, `customer_id`, `store_id`, `date`, `notes`, `product_id`, `discount`, `total_money`, `origin_price`, `input`, `output`, `price`, `deleted`, `created`, `updated`, `user_init`, `user_upd`, `sale_id`, `supplier_id`, `type`, `stock`) VALUES
(148, 'SP00001', 0, 0, 1, '2017-09-25 22:41:27', 'Khai báo hàng hóa', 81, 0, 0, 0, 100, 0, 0, 0, '2017-09-25 22:41:27', '0000-00-00 00:00:00', 16, 0, 0, 0, 1, 100),
(149, 'SP00002', 0, 0, 1, '2017-09-25 22:42:15', 'Khai báo hàng hóa', 82, 0, 0, 0, 50, 0, 0, 0, '2017-09-25 22:42:15', '0000-00-00 00:00:00', 16, 0, 0, 0, 1, 50),
(150, 'SP00003', 0, 0, 1, '2017-09-25 22:42:48', 'Khai báo hàng hóa', 83, 0, 0, 0, 45, 0, 0, 0, '2017-09-25 22:42:48', '0000-00-00 00:00:00', 16, 0, 0, 0, 1, 45),
(151, 'SP00004', 0, 0, 1, '2017-09-25 22:43:22', 'Khai báo hàng hóa', 84, 0, 0, 0, 30, 0, 0, 0, '2017-09-25 22:43:22', '0000-00-00 00:00:00', 16, 0, 0, 0, 1, 30),
(152, 'PN0000001', 9, 0, 1, '2017-09-25 22:47:35', '', 81, 0, 750000, 0, 3, 0, 250000, 0, '2017-09-25 22:47:35', '0000-00-00 00:00:00', 16, 0, 0, 12, 2, 103),
(153, 'PN0000001', 9, 0, 1, '2017-09-25 22:47:35', '', 82, 0, 760000, 0, 4, 0, 190000, 0, '2017-09-25 22:47:35', '0000-00-00 00:00:00', 16, 0, 0, 12, 2, 54),
(154, 'PN0000001', 9, 0, 1, '2017-09-25 22:47:35', '', 83, 0, 600000, 0, 5, 0, 120000, 0, '2017-09-25 22:47:35', '0000-00-00 00:00:00', 16, 0, 0, 12, 2, 50),
(155, 'PN0000001', 9, 0, 1, '2017-09-25 22:47:35', '', 84, 0, 460000, 0, 2, 0, 230000, 0, '2017-09-25 22:47:35', '0000-00-00 00:00:00', 16, 0, 0, 12, 2, 32),
(156, 'PX0000001', 80, 4, 1, '2017-09-25 22:49:54', '', 81, 0, 600000, 250000, 0, 1, 600000, 0, '2017-09-25 22:49:54', '0000-00-00 00:00:00', 16, 0, 16, 0, 3, 102),
(157, 'PX0000002', 81, 5, 1, '2017-09-25 22:50:21', '', 82, 0, 480000, 190000, 0, 1, 480000, 0, '2017-09-25 22:50:21', '0000-00-00 00:00:00', 16, 0, 16, 0, 3, 53),
(158, 'PX0000003', 82, 6, 1, '2017-09-25 22:50:47', '', 83, 0, 1170000, 360000, 0, 3, 390000, 0, '2017-09-25 22:50:47', '0000-00-00 00:00:00', 16, 0, 0, 0, 3, 47),
(159, 'PN0000002', 10, 0, 2, '2017-09-25 22:51:28', '', 81, 0, 1750000, 0, 7, 0, 250000, 0, '2017-09-25 22:51:28', '0000-00-00 00:00:00', 16, 0, 0, 12, 2, 7),
(160, 'PN0000002', 10, 0, 2, '2017-09-25 22:51:28', '', 82, 0, 1900000, 0, 10, 0, 190000, 0, '2017-09-25 22:51:28', '0000-00-00 00:00:00', 16, 0, 0, 12, 2, 10),
(161, 'PN0000002', 10, 0, 2, '2017-09-25 22:51:28', '', 83, 0, 1200000, 0, 10, 0, 120000, 0, '2017-09-25 22:51:28', '0000-00-00 00:00:00', 16, 0, 0, 12, 2, 10),
(162, 'PN0000002', 10, 0, 2, '2017-09-25 22:51:28', '', 84, 0, 1150000, 0, 5, 0, 230000, 0, '2017-09-25 22:51:28', '0000-00-00 00:00:00', 16, 0, 0, 12, 2, 5),
(163, 'PX0000004', 83, 8, 1, '2017-09-27 17:40:11', 'bán quần lót', 81, 0, 600000, 250000, 0, 1, 600000, 0, '2017-09-27 17:40:11', '0000-00-00 00:00:00', 0, 0, 0, 0, 3, 101),
(164, 'PX0000005', 84, 0, 1, '2017-09-27 19:36:39', '', 81, 0, 600000, 250000, 0, 1, 600000, 0, '2017-09-27 19:36:39', '0000-00-00 00:00:00', 0, 0, 0, 0, 3, 100),
(165, 'SP00005', 0, 0, 2, '2017-09-27 19:41:59', 'Khai báo hàng hóa', 85, 0, 0, 0, 3000, 0, 0, 0, '2017-09-27 19:41:59', '0000-00-00 00:00:00', 0, 0, 0, 0, 1, 3000),
(166, 'SP00006', 0, 0, 2, '2017-09-27 19:54:36', 'Khai báo hàng hóa', 86, 0, 0, 0, 222, 0, 0, 0, '2017-09-27 19:54:36', '0000-00-00 00:00:00', 0, 0, 0, 0, 1, 222),
(167, 'SP00007', 0, 0, 2, '2017-09-27 19:54:47', 'Khai báo hàng hóa', 87, 0, 0, 0, 121221312, 0, 0, 0, '2017-09-27 19:54:47', '0000-00-00 00:00:00', 0, 0, 0, 0, 1, 121221312),
(168, 'SP00008', 0, 0, 2, '2017-09-27 19:54:53', 'Khai báo hàng hóa', 88, 0, 0, 0, 0, 0, 0, 0, '2017-09-27 19:54:53', '0000-00-00 00:00:00', 0, 0, 0, 0, 1, 0),
(169, 'SP00009', 0, 0, 2, '2017-09-27 19:54:56', 'Khai báo hàng hóa', 89, 0, 0, 0, 0, 0, 0, 0, '2017-09-27 19:54:56', '0000-00-00 00:00:00', 0, 0, 0, 0, 1, 0),
(170, 'SP00010', 0, 0, 2, '2017-09-27 19:54:59', 'Khai báo hàng hóa', 90, 0, 0, 0, 0, 0, 0, 0, '2017-09-27 19:54:59', '0000-00-00 00:00:00', 0, 0, 0, 0, 1, 0),
(171, 'SP00011', 0, 0, 2, '2017-09-27 19:55:06', 'Khai báo hàng hóa', 91, 0, 0, 0, 0, 0, 0, 0, '2017-09-27 19:55:06', '0000-00-00 00:00:00', 0, 0, 0, 0, 1, 0),
(172, 'PX0000006', 85, 0, 2, '2017-09-27 21:42:52', '', 81, 0, 600000, 250000, 0, 1, 600000, 0, '2017-09-27 21:42:52', '0000-00-00 00:00:00', 0, 0, 0, 0, 3, 6),
(173, 'PX0000008', 87, 4, 2, '2017-09-26 16:02:00', '', 81, 0, 600000, 250000, 0, 1, 600000, 0, '2017-09-28 00:06:42', '0000-00-00 00:00:00', 0, 0, 0, 0, 3, 5),
(174, 'PX0000009', 88, 9, 2, '2017-09-28 04:12:33', '', 81, 839, 599161, 250000, 0, 1, 600000, 0, '2017-09-28 04:12:33', '0000-00-00 00:00:00', 0, 0, 0, 0, 3, 4),
(175, 'PX0000009', 88, 9, 2, '2017-09-28 04:12:33', '', 82, 672, 479328, 190000, 0, 1, 480000, 0, '2017-09-28 04:12:33', '0000-00-00 00:00:00', 0, 0, 0, 0, 3, 9),
(176, 'PX0000010', 89, 0, 1, '2017-09-30 04:50:46', '', 81, 0, 600000, 250000, 0, 1, 600000, 0, '2017-09-30 04:50:46', '0000-00-00 00:00:00', 0, 0, 0, 0, 3, 99),
(177, 'PX0000010', 89, 0, 1, '2017-09-30 04:50:46', '', 82, 0, 480000, 190000, 0, 1, 480000, 0, '2017-09-30 04:50:46', '0000-00-00 00:00:00', 0, 0, 0, 0, 3, 52),
(178, 'PX0000010', 89, 0, 1, '2017-09-30 04:50:46', '', 83, 0, 390000, 120000, 0, 1, 390000, 0, '2017-09-30 04:50:46', '0000-00-00 00:00:00', 0, 0, 0, 0, 3, 46),
(179, 'PX0000010', 89, 0, 1, '2017-09-30 04:50:46', '', 84, 0, 580000, 230000, 0, 1, 580000, 0, '2017-09-30 04:50:46', '0000-00-00 00:00:00', 0, 0, 0, 0, 3, 31),
(180, 'SP00012', 0, 0, 1, '2017-10-03 01:08:07', 'Khai báo hàng hóa', 92, 0, 0, 0, 3, 0, 0, 0, '2017-10-03 01:08:07', '0000-00-00 00:00:00', 0, 0, 0, 0, 1, 3),
(181, 'SP00013', 0, 0, 1, '2017-10-03 01:08:24', 'Khai báo hàng hóa', 93, 0, 0, 0, 3, 0, 0, 0, '2017-10-03 01:08:24', '0000-00-00 00:00:00', 0, 0, 0, 0, 1, 3),
(182, 'SP00014', 0, 0, 1, '2017-10-03 01:08:50', 'Khai báo hàng hóa', 94, 0, 0, 0, 3, 0, 0, 0, '2017-10-03 01:08:50', '0000-00-00 00:00:00', 0, 0, 0, 0, 1, 3),
(183, 'SP00015', 0, 0, 1, '2017-10-03 01:09:00', 'Khai báo hàng hóa', 95, 0, 0, 0, 2147483647, 0, 0, 0, '2017-10-03 01:09:00', '0000-00-00 00:00:00', 0, 0, 0, 0, 1, 2147483647),
(184, 'SP00016', 0, 0, 1, '2017-10-03 01:09:11', 'Khai báo hàng hóa', 96, 0, 0, 0, 777, 0, 0, 0, '2017-10-03 01:09:11', '0000-00-00 00:00:00', 0, 0, 0, 0, 1, 777),
(185, 'SP00017', 0, 0, 1, '2017-10-03 01:09:19', 'Khai báo hàng hóa', 97, 0, 0, 0, 7, 0, 0, 0, '2017-10-03 01:09:19', '0000-00-00 00:00:00', 0, 0, 0, 0, 1, 7),
(186, 'PX0000011', 90, 0, 1, '2017-10-03 23:57:14', '', 93, 0, 5555555, 444444, 0, 1, 5555555, 0, '2017-10-03 23:57:14', '0000-00-00 00:00:00', 0, 0, 0, 0, 3, 2),
(187, 'PX0000012', 91, 0, 2, '2017-10-04 18:54:07', '', 81, 600000, 0, 250000, 0, 1, 600000, 0, '2017-10-04 18:54:07', '0000-00-00 00:00:00', 0, 0, 0, 0, 3, 3),
(188, 'PX0000012', 91, 0, 2, '2017-10-04 18:54:07', '', 84, 580000, 0, 230000, 0, 1, 580000, 0, '2017-10-04 18:54:07', '0000-00-00 00:00:00', 0, 0, 0, 0, 3, 4),
(189, 'PX0000013', 92, 0, 2, '2017-10-04 18:54:18', '', 81, 0, 600000, 250000, 0, 1, 600000, 0, '2017-10-04 18:54:18', '0000-00-00 00:00:00', 0, 0, 0, 0, 3, 2),
(190, 'PX0000014', 93, 0, 1, '2017-10-11 21:31:22', '', 82, 0, 480000, 190000, 0, 1, 480000, 0, '2017-10-11 21:31:22', '0000-00-00 00:00:00', 0, 0, 0, 0, 3, 51),
(191, 'PN0000003', 11, 0, 1, '2017-10-13 22:04:05', '', 83, 0, 240000, 0, 2, 0, 120000, 0, '2017-10-13 22:04:05', '0000-00-00 00:00:00', 0, 0, 0, 0, 2, 48),
(192, 'PN0000003', 11, 0, 1, '2017-10-13 22:04:05', '', 87, 0, 124, 0, 4, 0, 31, 0, '2017-10-13 22:04:05', '0000-00-00 00:00:00', 0, 0, 0, 0, 2, 4),
(193, 'PX0000015', 94, 0, 1, '2017-10-13 22:30:28', '', 82, 0, 480000, 190000, 0, 1, 480000, 0, '2017-10-13 22:30:28', '0000-00-00 00:00:00', 0, 0, 0, 0, 3, 50),
(194, 'PX0000016', 95, 0, 1, '2017-10-13 22:30:36', '', 87, 0, 0, 31, 0, 1, 0, 0, '2017-10-13 22:30:36', '0000-00-00 00:00:00', 0, 0, 0, 0, 3, -1),
(195, 'PN0000004', 12, 0, 1, '2017-10-13 22:30:44', '', 87, 0, 31, 0, 1, 0, 31, 0, '2017-10-13 22:30:44', '0000-00-00 00:00:00', 0, 0, 0, 0, 2, 0),
(196, 'PX0000017', 96, 0, 1, '2017-10-13 22:33:47', '', 81, 0, 600000, 250000, 0, 1, 600000, 0, '2017-10-13 22:33:47', '0000-00-00 00:00:00', 0, 0, 0, 0, 3, 98),
(197, 'PX0000017', 96, 0, 1, '2017-10-13 22:33:47', '', 84, 0, 580000, 230000, 0, 1, 580000, 0, '2017-10-13 22:33:47', '0000-00-00 00:00:00', 0, 0, 0, 0, 3, 30),
(198, 'PX0000018', 97, 0, 1, '2017-10-13 22:33:52', '', 84, 0, 580000, 230000, 0, 1, 580000, 0, '2017-10-13 22:33:52', '0000-00-00 00:00:00', 0, 0, 0, 0, 3, 29),
(199, 'PX0000019', 98, 0, 1, '2017-10-13 22:33:59', '', 87, 0, 0, 31, 0, 1, 0, 0, '2017-10-13 22:33:59', '0000-00-00 00:00:00', 0, 0, 0, 0, 3, -1),
(200, 'PX0000020', 99, 0, 1, '2017-10-13 22:34:06', '', 89, 0, 0, 0, 0, 1, 0, 0, '2017-10-13 22:34:06', '0000-00-00 00:00:00', 0, 0, 1, 0, 3, -1),
(201, 'PX0000021', 100, 0, 1, '2017-10-13 22:35:42', '', 83, 0, 390000, 120000, 0, 1, 390000, 0, '2017-10-13 22:35:42', '0000-00-00 00:00:00', 0, 0, 0, 0, 3, 45),
(202, 'PN0000005', 13, 0, 1, '2017-10-14 02:02:16', '', 87, 0, 31, 0, 1, 0, 31, 0, '2017-10-14 02:02:16', '0000-00-00 00:00:00', 0, 0, 0, 0, 2, 0),
(203, 'PX0000025', 104, 6, 2, '2017-10-14 02:04:33', '', 83, 0, 390000, 120000, 0, 1, 390000, 0, '2017-10-14 02:04:33', '0000-00-00 00:00:00', 0, 0, 0, 0, 3, 9),
(204, 'PX0000026', 105, 0, 2, '2017-10-15 17:43:41', '', 88, 0, 0, 0, 0, 1, 0, 1, '2017-10-15 17:43:41', '2017-10-15 17:44:26', 0, 0, 0, 0, 3, -1),
(205, 'PX0000027', 106, 0, 1, '2017-10-15 19:37:07', '', 81, 0, 6000000, 2500000, 0, 10, 600000, 0, '2017-10-15 19:37:07', '0000-00-00 00:00:00', 0, 0, 0, 0, 3, 88),
(206, 'PX0000028', 107, 12, 1, '2017-10-15 23:54:17', '', 83, 0, 390000, 120000, 0, 1, 390000, 0, '2017-10-15 23:54:17', '0000-00-00 00:00:00', 0, 0, 0, 0, 3, 44),
(207, 'PX0000030', 109, 4, 1, '2017-10-16 21:27:50', '', 81, 0, 600000, 250000, 0, 1, 600000, 0, '2017-10-16 21:27:50', '0000-00-00 00:00:00', 0, 0, 0, 0, 3, 87),
(208, 'PX0000031', 110, 5, 1, '2017-10-16 21:27:59', '', 83, 0, 390000, 120000, 0, 1, 390000, 0, '2017-10-16 21:27:59', '0000-00-00 00:00:00', 0, 0, 0, 0, 3, 43),
(209, 'PX0000032', 111, 4, 1, '2017-10-16 21:51:19', '', 81, 0, 600000, 250000, 0, 1, 600000, 0, '2017-10-16 21:51:19', '0000-00-00 00:00:00', 0, 0, 0, 0, 3, 86),
(210, 'PX0000032', 111, 4, 1, '2017-10-16 21:51:19', '', 82, 0, 480000, 190000, 0, 1, 480000, 0, '2017-10-16 21:51:19', '0000-00-00 00:00:00', 0, 0, 0, 0, 3, 49),
(211, 'PX0000033', 112, 0, 1, '2017-10-16 21:52:52', '', 88, 0, 0, 0, 0, 1, 0, 0, '2017-10-16 21:52:52', '0000-00-00 00:00:00', 0, 0, 0, 0, 3, -1),
(212, 'PX0000034', 113, 4, 2, '2017-10-16 14:14:00', 'ábc', 81, 10, 599990, 250000, 0, 1, 600000, 0, '2017-10-16 22:19:31', '0000-00-00 00:00:00', 0, 0, 1, 0, 3, 1),
(213, 'PX0000035', 114, 0, 1, '2017-10-17 17:08:49', '', 81, 0, 600000, 250000, 0, 1, 600000, 0, '2017-10-17 17:08:49', '0000-00-00 00:00:00', 0, 0, 0, 0, 3, 85),
(214, 'PX0000036', 115, 0, 1, '2017-10-17 19:18:28', '', 82, 0, 480000, 190000, 0, 1, 480000, 0, '2017-10-17 19:18:28', '0000-00-00 00:00:00', 0, 0, 0, 0, 3, 48),
(215, 'PX0000036', 115, 0, 1, '2017-10-17 19:18:28', '', 81, 0, 600000, 250000, 0, 1, 600000, 0, '2017-10-17 19:18:28', '0000-00-00 00:00:00', 0, 0, 0, 0, 3, 84),
(216, 'PX0000036', 115, 0, 1, '2017-10-17 19:18:28', '', 85, 0, 0, 0, 0, 1, 0, 0, '2017-10-17 19:18:28', '0000-00-00 00:00:00', 0, 0, 0, 0, 3, -1),
(217, 'PX0000037', 116, 10, 1, '2017-10-17 11:58:00', '', 81, 0, 600000, 250000, 0, 1, 600000, 0, '2017-10-17 20:03:22', '0000-00-00 00:00:00', 0, 0, 0, 0, 3, 83),
(218, 'PX0000038', 117, 15, 1, '2017-10-17 12:28:00', '', 83, 0, 1950000, 600000, 0, 5, 390000, 0, '2017-10-17 20:33:02', '0000-00-00 00:00:00', 0, 0, 0, 0, 3, 38),
(219, 'PX0000038', 117, 15, 1, '2017-10-17 12:28:00', '', 81, 0, 600000, 250000, 0, 1, 600000, 0, '2017-10-17 20:33:02', '0000-00-00 00:00:00', 0, 0, 0, 0, 3, 82),
(220, 'PX0000039', 118, 16, 1, '2017-10-17 21:34:05', '', 81, 600000, 2400000, 1250000, 0, 5, 600000, 0, '2017-10-17 21:34:05', '0000-00-00 00:00:00', 0, 0, 0, 0, 3, 77),
(221, 'PN0000006', 14, 0, 1, '2017-10-17 13:42:00', '', 83, 0, 1200000, 0, 10, 0, 120000, 0, '2017-10-17 21:47:37', '0000-00-00 00:00:00', 0, 0, 0, 16, 2, 48),
(222, 'PX0000040', 119, 17, 1, '2017-10-17 13:44:00', '', 83, 0, 19500000, 6000000, 0, 50, 390000, 0, '2017-10-17 21:48:47', '0000-00-00 00:00:00', 0, 0, 0, 0, 3, -2),
(223, 'PN0000007', 15, 0, 1, '2017-10-17 13:46:00', '', 83, 0, 4800000, 0, 40, 0, 120000, 0, '2017-10-17 21:50:56', '0000-00-00 00:00:00', 0, 0, 0, 17, 2, 38),
(224, 'PX0000041', 120, 0, 1, '2017-10-17 21:51:17', '', 85, 0, 0, 0, 0, 1, 0, 0, '2017-10-17 21:51:17', '0000-00-00 00:00:00', 0, 0, 0, 0, 3, -2),
(225, 'PX0000042', 121, 0, 1, '2017-10-17 21:51:31', '', 84, 0, 580000, 230000, 0, 1, 580000, 0, '2017-10-17 21:51:31', '0000-00-00 00:00:00', 0, 0, 0, 0, 3, 28),
(226, 'PX0000043', 122, 0, 1, '2017-10-17 21:52:05', '', 83, 0, 390000, 120000, 0, 1, 390000, 0, '2017-10-17 21:52:05', '0000-00-00 00:00:00', 0, 0, 0, 0, 3, 37),
(227, 'SP00018', 0, 0, 1, '2017-10-17 21:54:43', 'Khai báo hàng hóa', 98, 0, 0, 0, 0, 0, 0, 0, '2017-10-17 21:54:43', '0000-00-00 00:00:00', 0, 0, 0, 0, 1, 0),
(228, 'PN0000008', 16, 0, 1, '2017-10-17 13:51:00', '', 98, 0, 100000000, 0, 100, 0, 1000000, 0, '2017-10-17 21:55:40', '0000-00-00 00:00:00', 0, 0, 0, 18, 2, 100),
(229, 'PX0000044', 123, 14, 1, '2017-10-17 13:51:00', '', 98, 0, 7500000, 5000000, 0, 5, 1500000, 0, '2017-10-17 21:56:31', '0000-00-00 00:00:00', 0, 0, 0, 0, 3, 95),
(230, 'PX0000045', 124, 4, 1, '2017-10-17 22:01:47', '', 83, 0, 390000, 120000, 0, 1, 390000, 0, '2017-10-17 22:01:47', '0000-00-00 00:00:00', 0, 0, 0, 0, 3, 36),
(231, 'PX0000046', 125, 4, 1, '2017-10-17 22:08:12', '', 83, 0, 780000, 240000, 0, 2, 390000, 0, '2017-10-17 22:08:12', '0000-00-00 00:00:00', 0, 0, 0, 0, 3, 34),
(232, 'PX0000046', 125, 4, 1, '2017-10-17 22:08:12', '', 84, 0, 580000, 230000, 0, 1, 580000, 0, '2017-10-17 22:08:12', '0000-00-00 00:00:00', 0, 0, 0, 0, 3, 27),
(233, 'PX0000047', 126, 4, 1, '2017-10-17 22:08:16', '', 83, 0, 780000, 240000, 0, 2, 390000, 0, '2017-10-17 22:08:16', '0000-00-00 00:00:00', 0, 0, 0, 0, 3, 32),
(234, 'PX0000047', 126, 4, 1, '2017-10-17 22:08:16', '', 84, 0, 580000, 230000, 0, 1, 580000, 0, '2017-10-17 22:08:16', '0000-00-00 00:00:00', 0, 0, 0, 0, 3, 26),
(235, 'PX0000048', 127, 4, 1, '2017-10-17 14:03:00', '', 98, 0, 1500000, 1000000, 0, 1, 1500000, 0, '2017-10-17 22:08:25', '0000-00-00 00:00:00', 0, 0, 1, 0, 3, 94),
(236, 'PX0000049', 128, 4, 1, '2017-10-17 14:03:00', '', 98, 0, 1500000, 1000000, 0, 1, 1500000, 0, '2017-10-17 22:08:30', '0000-00-00 00:00:00', 0, 0, 1, 0, 3, 93),
(237, 'PX0000050', 129, 4, 1, '2017-10-17 14:03:00', '', 98, 0, 1500000, 1000000, 0, 1, 1500000, 0, '2017-10-17 22:08:36', '0000-00-00 00:00:00', 0, 0, 1, 0, 3, 92),
(238, 'PX0000051', 130, 4, 1, '2017-10-17 14:03:00', '', 98, 0, 1500000, 1000000, 0, 1, 1500000, 0, '2017-10-17 22:08:36', '0000-00-00 00:00:00', 0, 0, 1, 0, 3, 91),
(239, 'PX0000052', 131, 4, 1, '2017-10-17 14:03:00', '', 98, 0, 1500000, 1000000, 0, 1, 1500000, 0, '2017-10-17 22:08:36', '0000-00-00 00:00:00', 0, 0, 1, 0, 3, 90),
(240, 'PX0000053', 132, 4, 1, '2017-10-17 14:03:00', '', 98, 0, 1500000, 1000000, 0, 1, 1500000, 0, '2017-10-17 22:08:36', '0000-00-00 00:00:00', 0, 0, 1, 0, 3, 89),
(241, 'PX0000054', 133, 4, 1, '2017-10-17 14:03:00', '', 98, 0, 1500000, 1000000, 0, 1, 1500000, 0, '2017-10-17 22:08:41', '0000-00-00 00:00:00', 0, 0, 0, 0, 3, 88),
(242, 'PX0000055', 134, 4, 1, '2017-10-17 22:08:49', '', 84, 0, 580000, 230000, 0, 1, 580000, 0, '2017-10-17 22:08:49', '0000-00-00 00:00:00', 0, 0, 0, 0, 3, 25),
(243, 'PX0000055', 134, 4, 1, '2017-10-17 22:08:49', '', 85, 0, 0, 0, 0, 2, 0, 0, '2017-10-17 22:08:49', '0000-00-00 00:00:00', 0, 0, 0, 0, 3, -4),
(244, 'PX0000056', 135, 4, 1, '2017-10-17 22:08:54', '', 84, 0, 580000, 230000, 0, 1, 580000, 0, '2017-10-17 22:08:54', '0000-00-00 00:00:00', 0, 0, 0, 0, 3, 24),
(245, 'PX0000056', 135, 4, 1, '2017-10-17 22:08:54', '', 85, 0, 0, 0, 0, 2, 0, 0, '2017-10-17 22:08:54', '0000-00-00 00:00:00', 0, 0, 0, 0, 3, -6),
(246, 'PX0000057', 136, 18, 1, '2017-10-17 14:03:00', '', 98, 0, 1500000, 1000000, 0, 1, 1500000, 0, '2017-10-17 22:09:22', '0000-00-00 00:00:00', 0, 0, 0, 0, 3, 87),
(247, 'PX0000058', 137, 18, 1, '2017-10-17 14:03:00', '', 98, 0, 1500000, 1000000, 0, 1, 1500000, 0, '2017-10-17 22:09:24', '0000-00-00 00:00:00', 0, 0, 0, 0, 3, 86),
(248, 'PX0000059', 138, 18, 1, '2017-10-17 14:03:00', '', 98, 0, 1500000, 1000000, 0, 1, 1500000, 0, '2017-10-17 22:09:26', '0000-00-00 00:00:00', 0, 0, 0, 0, 3, 85),
(249, 'PX0000060', 139, 18, 1, '2017-10-17 14:03:00', '', 98, 0, 1500000, 1000000, 0, 1, 1500000, 0, '2017-10-17 22:09:26', '0000-00-00 00:00:00', 0, 0, 0, 0, 3, 84),
(250, 'PX0000061', 140, 18, 1, '2017-10-17 14:03:00', '', 98, 0, 1500000, 1000000, 0, 1, 1500000, 0, '2017-10-17 22:09:26', '0000-00-00 00:00:00', 0, 0, 0, 0, 3, 83),
(251, 'PX0000062', 141, 4, 1, '2017-10-17 22:09:46', '', 84, 0, 580000, 230000, 0, 1, 580000, 0, '2017-10-17 22:09:46', '0000-00-00 00:00:00', 0, 0, 0, 0, 3, 23),
(252, 'PX0000062', 141, 4, 1, '2017-10-17 22:09:46', '', 85, 0, 0, 0, 0, 2, 0, 0, '2017-10-17 22:09:46', '0000-00-00 00:00:00', 0, 0, 0, 0, 3, -8),
(253, 'PX0000063', 142, 0, 1, '2017-10-17 22:10:04', '', 82, 0, 480000, 190000, 0, 1, 480000, 0, '2017-10-17 22:10:04', '0000-00-00 00:00:00', 0, 0, 0, 0, 3, 47),
(254, 'PX0000063', 142, 0, 1, '2017-10-17 22:10:04', '', 84, 0, 580000, 230000, 0, 1, 580000, 0, '2017-10-17 22:10:04', '0000-00-00 00:00:00', 0, 0, 0, 0, 3, 22),
(255, 'PX0000064', 143, 0, 1, '2017-10-17 22:10:09', '', 85, 0, 0, 0, 0, 1, 0, 0, '2017-10-17 22:10:09', '0000-00-00 00:00:00', 0, 0, 0, 0, 3, -9),
(256, 'PX0000065', 144, 0, 1, '2017-10-17 22:10:22', '', 84, 0, 580000, 230000, 0, 1, 580000, 0, '2017-10-17 22:10:22', '0000-00-00 00:00:00', 0, 0, 0, 0, 3, 21),
(257, 'PX0000066', 145, 0, 1, '2017-10-17 22:10:31', '', 98, 0, 1500000, 1000000, 0, 1, 1500000, 0, '2017-10-17 22:10:31', '0000-00-00 00:00:00', 0, 0, 0, 0, 3, 82),
(258, 'PX0000067', 146, 0, 1, '2017-10-17 22:10:43', '', 82, 0, 960000, 380000, 0, 2, 480000, 0, '2017-10-17 22:10:43', '0000-00-00 00:00:00', 0, 0, 0, 0, 3, 45),
(259, 'PX0000067', 146, 0, 1, '2017-10-17 22:10:43', '', 83, 0, 390000, 120000, 0, 1, 390000, 0, '2017-10-17 22:10:43', '0000-00-00 00:00:00', 0, 0, 0, 0, 3, 31),
(260, 'PX0000068', 147, 0, 1, '2017-10-17 22:10:59', '', 82, 0, 480000, 190000, 0, 1, 480000, 0, '2017-10-17 22:10:59', '0000-00-00 00:00:00', 0, 0, 0, 0, 3, 44),
(261, 'PX0000068', 147, 0, 1, '2017-10-17 22:10:59', '', 83, 0, 390000, 120000, 0, 1, 390000, 0, '2017-10-17 22:10:59', '0000-00-00 00:00:00', 0, 0, 0, 0, 3, 30),
(262, 'PX0000069', 148, 19, 1, '2017-10-17 14:13:00', '', 98, 0, 7500000, 5000000, 0, 5, 1500000, 0, '2017-10-17 22:18:21', '0000-00-00 00:00:00', 0, 0, 0, 0, 3, 77),
(263, 'PX0000070', 149, 4, 1, '2017-10-17 22:43:20', '', 98, 0, 4500000, 3000000, 0, 3, 1500000, 0, '2017-10-17 22:43:20', '0000-00-00 00:00:00', 0, 0, 0, 0, 3, 74),
(264, 'PN0000009', 17, 0, 1, '2017-10-17 22:48:31', '', 98, 0, 1000000, 0, 1, 0, 1000000, 0, '2017-10-17 22:48:31', '0000-00-00 00:00:00', 0, 0, 0, 0, 2, 75),
(265, 'PN0000010', 18, 0, 1, '2017-10-17 22:49:11', '', 98, 0, 1000000, 0, 1, 0, 1000000, 0, '2017-10-17 22:49:11', '0000-00-00 00:00:00', 0, 0, 0, 0, 2, 76),
(266, 'PN0000011', 19, 0, 1, '2017-10-17 22:58:07', '', 82, 0, 190000, 0, 1, 0, 190000, 0, '2017-10-17 22:58:07', '0000-00-00 00:00:00', 0, 0, 0, 12, 2, 45),
(267, 'PX0000071', 150, 4, 1, '2017-10-17 23:06:00', '', 98, 0, 60000000, 40000000, 0, 40, 1500000, 0, '2017-10-17 23:06:00', '0000-00-00 00:00:00', 0, 0, 1, 0, 3, 36),
(268, 'PX0000072', 151, 4, 1, '2017-10-18 00:46:29', '', 82, 0, 480000, 190000, 0, 1, 480000, 0, '2017-10-18 00:46:29', '0000-00-00 00:00:00', 0, 0, 0, 0, 3, 44),
(269, 'PX0000073', 152, 4, 1, '2017-10-18 00:48:22', '', 82, 0, 480000, 190000, 0, 1, 480000, 0, '2017-10-18 00:48:22', '0000-00-00 00:00:00', 0, 0, 0, 0, 3, 43),
(270, 'PX0000074', 153, 0, 1, '2017-10-18 02:14:27', '', 82, 0, 480000, 190000, 0, 1, 480000, 0, '2017-10-18 02:14:27', '0000-00-00 00:00:00', 0, 0, 0, 0, 3, 42),
(271, 'PX0000075', 154, 19, 1, '2017-10-17 19:26:00', '', 98, 900000, 3600000, 3000000, 0, 3, 1500000, 0, '2017-10-18 03:09:09', '0000-00-00 00:00:00', 0, 0, 1, 0, 3, 33),
(272, 'PX0000076', 155, 19, 1, '2017-10-17 19:29:00', '', 98, 0, 1500000, 1000000, 0, 1, 1500000, 0, '2017-10-18 03:11:33', '0000-00-00 00:00:00', 0, 0, 1, 0, 3, 32),
(273, 'PX0000077', 156, 0, 1, '2017-10-17 22:48:32', '', 82, 0, 480000, 190000, 0, 1, 480000, 0, '2017-10-17 15:48:32', '0000-00-00 00:00:00', 2, 0, 0, 0, 3, 41),
(274, 'PX0000078', 157, 0, 1, '2017-10-17 22:48:42', '', 83, 0, 390000, 120000, 0, 1, 390000, 0, '2017-10-17 15:48:42', '0000-00-00 00:00:00', 2, 0, 0, 0, 3, 29),
(275, 'PX0000079', 158, 0, 1, '2017-10-17 22:52:35', '', 82, 0, 480000, 190000, 0, 1, 480000, 0, '2017-10-17 15:52:35', '0000-00-00 00:00:00', 2, 0, 0, 0, 3, 40),
(276, 'PX0000080', 159, 5, 2, '2017-10-18 02:02:49', '', 83, 0, 390000, 120000, 0, 1, 390000, 0, '2017-10-17 19:02:49', '0000-00-00 00:00:00', 2, 0, 0, 0, 3, 8),
(277, 'PX0000081', 160, 4, 1, '2017-10-18 14:18:38', '', 81, 0, 600000, 250000, 0, 1, 600000, 0, '2017-10-18 07:18:38', '0000-00-00 00:00:00', 2, 0, 0, 0, 3, 76),
(278, 'PX0000082', 161, 0, 2, '2017-10-18 16:23:02', '', 83, 0, 390000, 120000, 0, 1, 390000, 0, '2017-10-18 09:23:02', '0000-00-00 00:00:00', 2, 0, 0, 0, 3, 7),
(279, 'PX0000083', 162, 0, 2, '2017-10-18 16:23:18', '', 81, 0, 600000, 250000, 0, 1, 600000, 0, '2017-10-18 09:23:18', '0000-00-00 00:00:00', 2, 0, 0, 0, 3, 0),
(280, 'PX0000084', 163, 0, 1, '2017-10-18 20:57:58', '', 81, 100000, 500000, 250000, 0, 1, 600000, 0, '2017-10-18 13:57:58', '0000-00-00 00:00:00', 2, 0, 2, 0, 3, 75),
(281, 'PX0000085', 164, 0, 1, '2017-10-19 14:29:22', 's1', 81, 0, 600000, 250000, 0, 1, 600000, 0, '2017-10-19 07:29:22', '0000-00-00 00:00:00', 2, 0, 2, 0, 3, 74),
(282, 'PX0000086', 165, 0, 1, '2017-10-19 14:29:51', 'test', 82, 100000, 380000, 190000, 0, 1, 480000, 0, '2017-10-19 07:29:51', '0000-00-00 00:00:00', 2, 0, 2, 0, 3, 39),
(283, '692271109', 0, 0, 1, '2017-10-19 10:04:49', 'Khai báo hàng hóa', 99, 0, 0, 0, 100, 0, 0, 0, '2017-10-19 10:04:49', '0000-00-00 00:00:00', 2, 0, 0, 0, 1, 100),
(284, 'PX0000087', 166, 0, 2, '2017-10-20 15:03:33', '', 81, 0, 600000, 250000, 0, 1, 600000, 0, '2017-10-20 08:03:33', '0000-00-00 00:00:00', 2, 0, 2, 0, 3, -1),
(285, 'PX0000088', 167, 20, 6, '2017-10-20 21:07:00', '', 81, 0, 600000, 250000, 0, 1, 600000, 0, '2017-10-20 14:07:14', '0000-00-00 00:00:00', 2, 0, 2, 0, 3, -1),
(286, 'PX0000089', 168, 0, 2, '2017-10-21 16:49:34', '', 81, 0, 600000, 250000, 0, 1, 600000, 0, '2017-10-21 09:49:34', '0000-00-00 00:00:00', 2, 0, 0, 0, 3, -2),
(287, 'hgwreherw', 0, 0, 1, '2017-10-23 17:22:06', 'Khai báo hàng hóa', 100, 0, 0, 0, 0, 0, 0, 0, '2017-10-23 17:22:06', '0000-00-00 00:00:00', 2, 0, 0, 0, 1, 0),
(288, 'gvbdwfhbe', 0, 0, 1, '2017-10-23 17:22:22', 'Khai báo hàng hóa', 101, 0, 0, 0, 0, 0, 0, 0, '2017-10-23 17:22:22', '0000-00-00 00:00:00', 2, 0, 0, 0, 1, 0),
(289, 'PX0000091', 170, 0, 2, '2017-10-25 12:04:29', '', 82, 0, 480000, 190000, 0, 1, 480000, 0, '2017-10-25 05:04:29', '0000-00-00 00:00:00', 2, 0, 0, 0, 3, 8),
(290, '0123', 0, 0, 1, '2017-10-25 10:18:03', 'Khai báo hàng hóa', 102, 0, 0, 0, 1, 0, 0, 0, '2017-10-25 10:18:03', '0000-00-00 00:00:00', 2, 0, 0, 0, 1, 1),
(291, 'PX0000092', 171, 0, 1, '2017-10-25 17:19:51', '', 102, 0, 2200000, 1700000, 0, 1, 2200000, 0, '2017-10-25 10:19:51', '0000-00-00 00:00:00', 2, 0, 2, 0, 3, 0),
(292, 'PX0000093', 172, 4, 1, '2017-10-25 18:58:17', '', 81, 0, 600000, 250000, 0, 1, 600000, 0, '2017-10-25 11:58:17', '0000-00-00 00:00:00', 2, 0, 0, 0, 3, 73),
(293, 'PX0000094', 173, 4, 1, '2017-10-26 16:29:03', '', 82, 0, 480000, 190000, 0, 1, 480000, 0, '2017-10-26 09:29:03', '0000-00-00 00:00:00', 2, 0, 0, 0, 3, 38),
(294, 'PX0000095', 174, 4, 1, '2017-10-27 05:13:23', '', 82, 0, 480000, 190000, 0, 1, 480000, 0, '2017-10-26 22:13:23', '0000-00-00 00:00:00', 2, 0, 0, 0, 3, 37),
(295, 'PX0000096', 175, 4, 2, '2017-10-27 15:43:35', '', 82, 0, 48000000, 19000000, 0, 100, 480000, 0, '2017-10-27 08:43:35', '0000-00-00 00:00:00', 2, 0, 2, 0, 3, -92),
(296, 'PX0000097', 176, 21, 2, '2017-10-27 15:46:23', '', 82, 0, 2400000, 950000, 0, 5, 480000, 0, '2017-10-27 08:46:23', '0000-00-00 00:00:00', 2, 0, 2, 0, 3, -97),
(297, 'PX0000098', 177, 0, 1, '2017-10-27 18:17:57', '', 84, 0, 580000, 230000, 0, 1, 580000, 0, '2017-10-27 11:17:57', '0000-00-00 00:00:00', 2, 0, 0, 0, 3, 20),
(298, 'SP00019', 0, 0, 6, '2017-10-29 11:14:52', 'Khai báo hàng hóa', 103, 0, 0, 0, 10, 0, 0, 0, '2017-10-29 11:14:52', '0000-00-00 00:00:00', 2, 0, 0, 0, 1, 10),
(299, 'PX0000099', 178, 24, 6, '2017-10-29 19:36:58', '', 81, 0, 600000, 250000, 0, 1, 600000, 1, '2017-10-29 12:36:58', '2017-10-29 13:22:27', 2, 2, 0, 0, 3, -2),
(300, 'PX0000100', 179, 25, 1, '2017-10-29 20:12:46', '', 83, 0, 390000, 120000, 0, 1, 390000, 1, '2017-10-29 13:12:46', '2017-10-29 13:22:24', 2, 2, 0, 0, 3, 28),
(301, 'PX0000101', 180, 22, 1, '2017-10-29 20:22:00', 'Đã mua chưa chuyển khoản', 103, 0, 150000, 100000, 0, 5, 30000, 0, '2017-10-29 13:23:15', '0000-00-00 00:00:00', 2, 0, 2, 0, 3, -5),
(302, 'PX0000102', 181, 0, 1, '2017-10-30 20:43:56', '', 82, 0, 1440000, 570000, 0, 3, 480000, 0, '2017-10-30 13:43:56', '0000-00-00 00:00:00', 2, 0, 0, 0, 3, 34),
(303, 'PX0000102', 181, 0, 1, '2017-10-30 20:43:56', '', 81, 0, 1800000, 750000, 0, 3, 600000, 0, '2017-10-30 13:43:56', '0000-00-00 00:00:00', 2, 0, 0, 0, 3, 70),
(304, 'PX0000102', 181, 0, 1, '2017-10-30 20:43:56', '', 93, 0, 16666665, 1333332, 0, 3, 5555555, 0, '2017-10-30 13:43:56', '0000-00-00 00:00:00', 2, 0, 0, 0, 3, -1),
(305, 'PX0000103', 182, 0, 2, '2017-10-30 20:44:40', '', 82, 0, 480000, 190000, 0, 1, 480000, 0, '2017-10-30 13:44:40', '0000-00-00 00:00:00', 2, 0, 0, 0, 3, -98),
(306, 'PX0000104', 183, 4, 2, '2017-10-31 16:51:00', 'gggg', 82, 10, 959990, 380000, 0, 2, 480000, 0, '2017-10-31 09:52:05', '0000-00-00 00:00:00', 2, 0, 2, 0, 3, -100),
(307, 'PN0000012', 20, 0, 2, '2017-10-31 16:58:00', '', 81, 0, 250000, 0, 1, 0, 250000, 0, '2017-10-31 09:59:06', '0000-00-00 00:00:00', 2, 0, 0, 12, 2, -1),
(308, 'PN0000013', 21, 0, 1, '2017-10-31 17:26:00', 'aaaa', 93, 0, 444444000, 0, 1000, 0, 444444, 0, '2017-10-31 10:26:18', '0000-00-00 00:00:00', 2, 0, 0, 12, 2, 999),
(309, 'PN0000014', 22, 0, 2, '2017-10-31 17:27:00', 'ddd', 93, 0, 88888800, 0, 200, 0, 444444, 0, '2017-10-31 10:27:40', '0000-00-00 00:00:00', 2, 0, 0, 12, 2, 200),
(310, 'SP00020', 0, 0, 2, '2017-10-31 10:32:14', 'Khai báo hàng hóa', 104, 0, 0, 0, 1000, 0, 0, 0, '2017-10-31 10:32:14', '0000-00-00 00:00:00', 2, 0, 0, 0, 1, 1000),
(311, 'PN0000015', 23, 0, 2, '2017-10-31 17:34:00', '', 104, 0, 2000000, 0, 2, 0, 1000000, 0, '2017-10-31 10:34:41', '0000-00-00 00:00:00', 2, 0, 0, 12, 2, 1002),
(312, 'PX0000105', 184, 4, 2, '2017-10-31 17:35:47', '', 104, 10, 14999990, 10000000, 0, 10, 1500000, 0, '2017-10-31 10:35:47', '0000-00-00 00:00:00', 2, 0, 2, 0, 3, 992),
(313, 'PN0000016', 24, 0, 2, '2017-11-30 06:34:00', '', 104, 0, 2000000, 0, 2, 0, 1000000, 0, '2017-10-31 23:34:45', '0000-00-00 00:00:00', 2, 0, 0, 12, 2, 994),
(314, 'PN0000017', 25, 0, 2, '2017-11-01 06:46:00', 'asdfsadfasdf', 104, 0, 2000000, 0, 2, 0, 1000000, 0, '2017-10-31 23:47:14', '0000-00-00 00:00:00', 2, 0, 0, 18, 2, 996),
(315, 'PN0000017', 25, 0, 2, '2017-11-01 06:46:00', 'asdfsadfasdf', 82, 0, 760000, 0, 4, 0, 190000, 0, '2017-10-31 23:47:14', '0000-00-00 00:00:00', 2, 0, 0, 18, 2, -96),
(316, 'PN0000017', 25, 0, 2, '2017-11-01 06:46:00', 'asdfsadfasdf', 93, 0, 2222220, 0, 5, 0, 444444, 0, '2017-10-31 23:47:14', '0000-00-00 00:00:00', 2, 0, 0, 18, 2, 205),
(317, 'SP00021', 0, 0, 1, '2017-11-01 11:44:27', 'Khai báo hàng hóa', 105, 0, 0, 0, 5000, 0, 0, 0, '2017-11-01 11:44:27', '0000-00-00 00:00:00', 2, 0, 0, 0, 1, 5000),
(318, 'PN0000018', 26, 0, 1, '2017-11-01 18:45:00', 'aaa', 105, 0, 30000000, 0, 30, 0, 1000000, 0, '2017-11-01 11:45:47', '0000-00-00 00:00:00', 2, 0, 0, 19, 2, 5030),
(319, 'PN0000018', 26, 0, 1, '2017-11-01 18:45:00', 'aaa', 104, 0, 20000000, 0, 20, 0, 1000000, 0, '2017-11-01 11:45:47', '0000-00-00 00:00:00', 2, 0, 0, 19, 2, 20),
(320, 'PX0000106', 185, 26, 1, '2017-11-02 22:03:25', '', 81, 0, 600000, 250000, 0, 1, 600000, 0, '2017-11-02 15:03:25', '0000-00-00 00:00:00', 2, 0, 4, 0, 3, 69),
(321, 'PX0000107', 186, 14, 1, '2017-11-02 22:09:54', '', 83, 0, 390000, 120000, 0, 1, 390000, 0, '2017-11-02 15:09:54', '0000-00-00 00:00:00', 2, 0, 2, 0, 3, 28),
(322, 'PX0000108', 187, 27, 1, '2017-11-04 15:03:29', '', 97, 0, 88888, 8888888, 0, 1, 88888, 0, '2017-11-04 08:03:29', '0000-00-00 00:00:00', 2, 0, 2, 0, 3, 6),
(323, 'PX0000108', 187, 27, 1, '2017-11-04 15:03:29', '', 83, 0, 390000, 120000, 0, 1, 390000, 0, '2017-11-04 08:03:29', '0000-00-00 00:00:00', 2, 0, 2, 0, 3, 27),
(324, 'PX0000108', 187, 27, 1, '2017-11-04 15:03:29', '', 93, 0, 11111110, 888888, 0, 2, 5555555, 0, '2017-11-04 08:03:29', '0000-00-00 00:00:00', 2, 0, 2, 0, 3, 997),
(325, 'SP00022', 0, 0, 1, '2017-11-04 09:51:06', 'Khai báo hàng hóa', 106, 0, 0, 0, 100, 0, 0, 0, '2017-11-04 09:51:06', '0000-00-00 00:00:00', 2, 0, 0, 0, 1, 100),
(326, 'PX0000109', 188, 27, 1, '2017-11-05 01:16:18', '', 97, 0, 177776, 17777776, 0, 2, 88888, 0, '2017-11-04 18:16:18', '0000-00-00 00:00:00', 2, 0, 2, 0, 3, 4),
(327, 'PX0000110', 189, 4, 6, '2017-11-06 01:08:39', '', 104, 71429, 1428571, 1000000, 0, 1, 1500000, 0, '2017-11-05 18:08:39', '0000-00-00 00:00:00', 2, 0, 2, 0, 3, -1),
(328, 'PX0000110', 189, 4, 6, '2017-11-06 01:08:39', '', 81, 28571, 571429, 250000, 0, 1, 600000, 0, '2017-11-05 18:08:39', '0000-00-00 00:00:00', 2, 0, 2, 0, 3, -2),
(329, 'PX0000111', 190, 4, 2, '2017-11-06 21:38:10', '', 81, 0, 600000, 250000, 0, 1, 600000, 0, '2017-11-06 14:38:10', '0000-00-00 00:00:00', 2, 0, 0, 0, 3, -3),
(330, 'PX0000112', 191, 0, 2, '2017-11-06 22:01:23', '', 81, 0, 600000, 250000, 0, 1, 600000, 0, '2017-11-06 15:01:23', '0000-00-00 00:00:00', 2, 0, 0, 0, 3, -4),
(331, 'PX0000113', 192, 0, 2, '2017-11-08 12:23:42', '', 81, 0, 600000, 250000, 0, 1, 600000, 0, '2017-11-08 05:23:42', '0000-00-00 00:00:00', 2, 0, 0, 0, 3, -5),
(332, 'PX0000114', 193, 0, 1, '2017-11-20 17:59:00', '', 81, 2000, 3598000, 1500000, 0, 6, 600000, 0, '2017-11-20 11:00:22', '0000-00-00 00:00:00', 2, 0, 2, 0, 3, 63),
(333, 'PX0000116', 195, 0, 1, '2017-11-21 08:22:30', '', 82, 0, 4800000, 1900000, 0, 10, 480000, 0, '2017-11-21 01:22:30', '0000-00-00 00:00:00', 2, 0, 0, 0, 3, 24),
(334, 'PX0000116', 195, 0, 1, '2017-11-21 08:22:30', '', 84, 0, 6380000, 2530000, 0, 11, 580000, 0, '2017-11-21 01:22:30', '0000-00-00 00:00:00', 2, 0, 0, 0, 3, 9),
(335, 'PX0000116', 195, 0, 1, '2017-11-21 08:22:30', '', 83, 0, 5460000, 1680000, 0, 14, 390000, 0, '2017-11-21 01:22:30', '0000-00-00 00:00:00', 2, 0, 0, 0, 3, 13),
(336, 'PX0000117', 196, 0, 1, '2017-11-21 08:50:20', '', 83, 0, 15600000, 4800000, 0, 40, 390000, 1, '2017-11-21 01:50:20', '2017-11-21 15:40:16', 2, 2, 0, 0, 3, -27),
(337, 'PX0000118', 197, 30, 1, '2017-11-21 09:37:00', 'Gửi cho tui', 82, 41, 5759959, 2280000, 0, 12, 480000, 1, '2017-11-21 02:37:40', '2017-11-21 03:36:07', 2, 2, 2, 0, 3, 12),
(338, 'PX0000118', 197, 30, 1, '2017-11-21 09:37:00', 'Gửi cho tui', 84, 59, 8119941, 3220000, 0, 14, 580000, 1, '2017-11-21 02:37:40', '2017-11-21 03:36:07', 2, 2, 2, 0, 3, -5),
(339, 'PX0000120', 199, 0, 1, '2017-11-21 22:48:43', '', 93, 0, 5555555, 444444, 0, 1, 5555555, 0, '2017-11-21 15:48:43', '0000-00-00 00:00:00', 2, 0, 0, 0, 3, 996),
(340, 'PX0000121', 200, 0, 1, '2017-11-24 09:52:56', '', 93, 0, 5555555, 444444, 0, 1, 5555555, 0, '2017-11-24 02:52:56', '0000-00-00 00:00:00', 2, 0, 0, 0, 3, 995),
(341, 'PX0000121', 200, 0, 1, '2017-11-24 09:52:56', '', 81, 0, 600000, 250000, 0, 1, 600000, 0, '2017-11-24 02:52:56', '0000-00-00 00:00:00', 2, 0, 0, 0, 3, 62),
(342, 'PX0000122', 201, 0, 1, '2017-11-24 14:02:05', '', 82, 0, 480000, 190000, 0, 1, 480000, 0, '2017-11-24 07:02:05', '0000-00-00 00:00:00', 2, 0, 0, 0, 3, 23),
(343, 'PX0000123', 202, 0, 1, '2017-11-24 14:03:02', '', 82, 0, 480000, 190000, 0, 1, 480000, 0, '2017-11-24 07:03:02', '0000-00-00 00:00:00', 2, 0, 0, 0, 3, 22),
(344, 'PX0000125', 204, 0, 2, '2017-11-28 13:12:00', 'chào', 81, 1000000, 2000000, 1250000, 0, 5, 600000, 0, '2017-11-28 06:13:27', '0000-00-00 00:00:00', 2, 0, 2, 0, 3, -10),
(345, 'ww', 0, 0, 2, '2017-11-28 06:16:39', 'Khai báo hàng hóa', 107, 0, 0, 0, 10, 0, 0, 0, '2017-11-28 06:16:39', '0000-00-00 00:00:00', 2, 0, 0, 0, 1, 10),
(346, 'PN0000019', 27, 0, 2, '2017-11-29 07:37:14', '', 81, 0, 250000, 0, 1, 0, 250000, 0, '2017-11-29 00:37:14', '0000-00-00 00:00:00', 2, 0, 0, 0, 2, -9),
(347, 'PN0000019', 27, 0, 2, '2017-11-29 07:37:14', '', 106, 0, 30000, 0, 1, 0, 30000, 0, '2017-11-29 00:37:14', '0000-00-00 00:00:00', 2, 0, 0, 0, 2, 1),
(348, 'PN0000020', 28, 0, 2, '2017-12-01 08:02:55', '', 81, 0, 250000, 0, 1, 0, 250000, 0, '2017-12-01 01:02:55', '0000-00-00 00:00:00', 2, 0, 0, 0, 2, -8),
(349, 'PN0000020', 28, 0, 2, '2017-12-01 08:02:55', '', 93, 0, 444444, 0, 1, 0, 444444, 0, '2017-12-01 01:02:55', '0000-00-00 00:00:00', 2, 0, 0, 0, 2, 206),
(350, 'LK001', 0, 0, 2, '2017-12-01 01:08:53', 'Khai báo hàng hóa', 108, 0, 0, 0, 0, 0, 0, 0, '2017-12-01 01:08:53', '0000-00-00 00:00:00', 2, 0, 0, 0, 1, 0),
(351, 'LK002', 0, 0, 2, '2017-12-01 01:09:17', 'Khai báo hàng hóa', 109, 0, 0, 0, 0, 0, 0, 0, '2017-12-01 01:09:17', '0000-00-00 00:00:00', 2, 0, 0, 0, 1, 0),
(352, 'PN0000021', 29, 0, 2, '2017-12-01 08:09:34', '', 109, 0, 0, 0, 1, 0, 0, 0, '2017-12-01 01:09:34', '0000-00-00 00:00:00', 2, 0, 0, 0, 2, 1),
(353, 'PN0000021', 29, 0, 2, '2017-12-01 08:09:34', '', 108, 0, 0, 0, 1, 0, 0, 0, '2017-12-01 01:09:34', '0000-00-00 00:00:00', 2, 0, 0, 0, 2, 1),
(354, '893504951', 0, 0, 2, '2017-12-01 02:00:30', 'Khai báo hàng hóa', 110, 0, 0, 0, 0, 0, 0, 0, '2017-12-01 02:00:30', '0000-00-00 00:00:00', 2, 0, 0, 0, 1, 0),
(355, 'SP00023', 0, 0, 1, '2017-12-06 07:32:15', 'Khai báo hàng hóa', 111, 0, 0, 0, 0, 0, 0, 0, '2017-12-06 07:32:15', '0000-00-00 00:00:00', 2, 0, 0, 0, 1, 0),
(356, 'PN0000022', 30, 0, 1, '2017-12-06 14:33:51', '', 108, 0, 200000, 0, 10, 0, 20000, 0, '2017-12-06 07:33:51', '0000-00-00 00:00:00', 2, 0, 0, 20, 2, 10),
(357, 'PN0000023', 31, 0, 2, '2017-12-07 01:47:26', '', 110, 0, 220000, 0, 11, 0, 20000, 0, '2017-12-06 18:47:26', '0000-00-00 00:00:00', 2, 0, 0, 0, 2, 11),
(358, 'PX0000158', 237, 0, 2, '2017-12-07 01:52:55', '', 111, 2000, 28000, 20000, 0, 2, 15000, 0, '2017-12-06 18:52:55', '0000-00-00 00:00:00', 2, 0, 0, 0, 3, -2),
(359, 'SP00024', 0, 0, 2, '2017-12-08 04:29:00', 'Khai báo hàng hóa', 112, 0, 0, 0, 10, 0, 0, 0, '2017-12-08 04:29:00', '0000-00-00 00:00:00', 2, 0, 0, 0, 1, 10),
(360, 'PX0000159', 238, 32, 2, '2017-12-08 11:35:27', '', 112, 0, 50000, 40000, 0, 2, 25000, 0, '2017-12-08 04:35:27', '0000-00-00 00:00:00', 2, 0, 5, 0, 3, 8),
(361, 'PX0000160', 239, 33, 1, '2017-12-13 23:54:16', '', 112, 0, 75000, 60000, 0, 3, 25000, 0, '2017-12-13 16:54:16', '0000-00-00 00:00:00', 2, 0, 0, 0, 3, -3),
(362, 'PX0000161', 240, 0, 6, '2017-12-14 08:39:58', '', 112, 0, 25000, 20000, 0, 1, 25000, 0, '2017-12-14 01:39:58', '0000-00-00 00:00:00', 2, 0, 0, 0, 3, -1),
(363, 'PX0000161', 240, 0, 6, '2017-12-14 08:39:58', '', 111, 0, 45000, 30000, 0, 3, 15000, 0, '2017-12-14 01:39:58', '0000-00-00 00:00:00', 2, 0, 0, 0, 3, -3),
(364, 'PX0000162', 241, 5, 6, '2017-12-14 08:40:58', 'dfafdf', 112, 1250, 23750, 20000, 0, 1, 25000, 0, '2017-12-14 01:40:58', '0000-00-00 00:00:00', 2, 0, 2, 0, 3, -2),
(365, 'PX0000162', 241, 5, 6, '2017-12-14 08:40:58', 'dfafdf', 111, 750, 14250, 10000, 0, 1, 15000, 0, '2017-12-14 01:40:58', '0000-00-00 00:00:00', 2, 0, 2, 0, 3, -4);

-- --------------------------------------------------------

--
-- Cấu trúc bảng cho bảng `cms_stores`
--

CREATE TABLE `cms_stores` (
  `ID` int(5) UNSIGNED NOT NULL,
  `stock_name` varchar(255) NOT NULL,
  `user_init` int(11) NOT NULL,
  `user_upd` int(11) NOT NULL,
  `created` datetime NOT NULL DEFAULT CURRENT_TIMESTAMP,
  `updated` datetime NOT NULL DEFAULT '0000-00-00 00:00:00' ON UPDATE CURRENT_TIMESTAMP
) ENGINE=MyISAM DEFAULT CHARSET=utf8;

--
-- Đang đổ dữ liệu cho bảng `cms_stores`
--

INSERT INTO `cms_stores` (`ID`, `stock_name`, `user_init`, `user_upd`, `created`, `updated`) VALUES
(1, 'Kho số 1', 1, 1, '2016-05-11 00:00:00', '2017-09-25 22:23:22'),
(2, 'Kho số 2', 1, 1, '2016-05-23 00:00:00', '2017-09-25 22:23:28'),
(6, 'fsdfsd', 2, 0, '2017-10-18 03:54:50', '0000-00-00 00:00:00');

-- --------------------------------------------------------

--
-- Cấu trúc bảng cho bảng `cms_suppliers`
--

CREATE TABLE `cms_suppliers` (
  `ID` int(10) UNSIGNED NOT NULL,
  `supplier_code` varchar(10) NOT NULL,
  `supplier_name` varchar(255) NOT NULL,
  `supplier_phone` varchar(30) NOT NULL,
  `supplier_email` varchar(150) NOT NULL,
  `supplier_addr` varchar(255) NOT NULL,
  `tax_code` varchar(255) NOT NULL,
  `notes` text NOT NULL,
  `created` datetime NOT NULL,
  `updated` datetime NOT NULL,
  `user_init` int(11) NOT NULL,
  `user_upd` int(11) NOT NULL
) ENGINE=MyISAM DEFAULT CHARSET=utf8;

--
-- Đang đổ dữ liệu cho bảng `cms_suppliers`
--

INSERT INTO `cms_suppliers` (`ID`, `supplier_code`, `supplier_name`, `supplier_phone`, `supplier_email`, `supplier_addr`, `tax_code`, `notes`, `created`, `updated`, `user_init`, `user_upd`) VALUES
(12, 'NCC00001', 'Công Ty TNHH Thời Trang Việt', '0812344234', 'thoitrangviet@gmail.com', '322 ba tháng hai', '', 'Nhà cung cấp chính', '2017-09-25 22:47:12', '0000-00-00 00:00:00', 16, 0),
(13, 'NCC00002', 'v', '1234567777', 'dab@abc.com', '123 nguyen trai', '', 'abc', '2017-09-28 03:15:09', '0000-00-00 00:00:00', 0, 0),
(14, 's', 's', '', '', '', '', '', '2017-10-04 02:10:43', '0000-00-00 00:00:00', 0, 0),
(15, 'traNH3D', 'ANH LIEM', '0214', 'fsf@gmail.com', 'hà nôij', '', 'dsatrw', '2017-10-17 12:19:54', '0000-00-00 00:00:00', 0, 0),
(16, 'NCC00003', 'Sơn Nano smart', '', '', '', '', '', '2017-10-17 21:47:11', '0000-00-00 00:00:00', 0, 0),
(17, 'NCC00004', 'Son Nano smart', '', '', '', '', '', '2017-10-17 21:50:37', '0000-00-00 00:00:00', 0, 0),
(18, 'NCC00005', 'Nano smart', '', '', '', '', '', '2017-10-17 21:55:29', '0000-00-00 00:00:00', 0, 0),
(19, 'NCC00006', 'asdasd', '34234234', 'asdasdas', 'dasd', '', 'asdasdasd', '2017-10-30 11:09:37', '0000-00-00 00:00:00', 2, 0),
(20, 'ABC XYZ', 'ABC XYZ', '', '', '', '', '', '2017-12-06 14:33:30', '0000-00-00 00:00:00', 2, 0);

-- --------------------------------------------------------

--
-- Cấu trúc bảng cho bảng `cms_templates`
--

CREATE TABLE `cms_templates` (
  `id` int(5) NOT NULL,
  `type` int(5) NOT NULL,
  `name` varchar(100) CHARACTER SET utf8 NOT NULL,
  `content` text CHARACTER SET utf8 NOT NULL,
  `created` datetime DEFAULT NULL,
  `updated` datetime DEFAULT NULL,
  `user_upd` int(11) DEFAULT NULL
) ENGINE=MyISAM DEFAULT CHARSET=latin1;

--
-- Đang đổ dữ liệu cho bảng `cms_templates`
--

INSERT INTO `cms_templates` (`id`, `type`, `name`, `content`, `created`, `updated`, `user_upd`) VALUES
(1, 1, 'Hóa đơn bán hàng (Pos)', '<div style=\"text-align:center\"><strong>H&Oacute;A ĐƠN B&Aacute;N H&Agrave;NG</strong><br />\n<strong>{Ma_Don_Hang}</strong></div>\n\n<div style=\"text-align:center\">&nbsp;</div>\n\n<div>\n<p><strong>Ng&agrave;y b&aacute;n:</strong> {Ngay_Xuat}<br />\n<strong>Kh&aacute;ch h&agrave;ng:</strong> {Khach_Hang}<br />\n<strong>Địa Chỉ:</strong> {DC_Khach_Hang}<br />\n<strong>ĐT: </strong>{DT_Khach_Hang}</p>\n</div>\n\n<div>{Chi_Tiet_San_Pham}</div>\n\n<div>&nbsp;</div>\n\n<table style=\"width:100%\">\n	<tbody>\n		<tr>\n			<td style=\"text-align:right\">Tổng tiền h&agrave;ng:</td>\n			<td style=\"text-align:right\">{Tong_Tien_Hang}</td>\n		</tr>\n		<tr>\n			<td style=\"text-align:right\">Giảm gi&aacute;:</td>\n			<td style=\"text-align:right\">{Chiec_Khau}</td>\n		</tr>\n		<tr>\n			<td style=\"text-align:right\">Đặt cọc</td>\n			<td style=\"text-align:right\">{Khach_Dua}</td>\n		</tr>\n		<tr>\n			<td style=\"text-align:right\">Tổng thanh to&aacute;n:</td>\n			<td style=\"text-align:right\"><strong>{Con_No}</strong></td>\n		</tr>\n	</tbody>\n</table>\n\n<p style=\"text-align:center\">Số tiền bằng chữ: {So_Tien_Bang_Chu}&nbsp; &nbsp; &nbsp; &nbsp; &nbsp; &nbsp; 2&nbsp; &nbsp; &nbsp; &nbsp; &nbsp; &nbsp; &nbsp; &nbsp;&nbsp;</p>\n\n<p style=\"text-align:center\">&nbsp; &nbsp; &nbsp; &nbsp; &nbsp; &nbsp; &nbsp; &nbsp; &nbsp; &nbsp; &nbsp; &nbsp; &nbsp; &nbsp; &nbsp; &nbsp; &nbsp; &nbsp; &nbsp; &nbsp; &nbsp; &nbsp; &nbsp; &nbsp; &nbsp; &nbsp; &nbsp; &nbsp; &nbsp; &nbsp; &nbsp; &nbsp; &nbsp; &nbsp; &nbsp; &nbsp; &nbsp; &nbsp; &nbsp; &nbsp; &nbsp; &nbsp; &nbsp;<strong>NGƯỜI B&Aacute;N H&Agrave;NG</strong></p>\n\n<p>&nbsp;</p>\n\n<p style=\"text-align:right\"><strong>&nbsp; &nbsp; &nbsp; &nbsp; &nbsp; &nbsp; &nbsp; &nbsp; &nbsp; &nbsp; &nbsp; &nbsp; &nbsp; &nbsp; &nbsp; &nbsp; &nbsp; &nbsp; &nbsp; &nbsp; &nbsp; &nbsp; &nbsp; &nbsp; &nbsp; &nbsp; &nbsp; &nbsp; &nbsp; &nbsp; &nbsp; &nbsp; &nbsp; &nbsp; &nbsp; </strong></p>\n\n<p style=\"text-align:right\"><strong>&nbsp; &nbsp; &nbsp; &nbsp; &nbsp; &nbsp; &nbsp; &nbsp; &nbsp; &nbsp; &nbsp; &nbsp; &nbsp; &nbsp; &nbsp; &nbsp; &nbsp; &nbsp; &nbsp; &nbsp; &nbsp; &nbsp; &nbsp; &nbsp; &nbsp; &nbsp; &nbsp; &nbsp; &nbsp; &nbsp; &nbsp; &nbsp; &nbsp; &nbsp; &nbsp; &nbsp; &nbsp; &nbsp; &nbsp; &nbsp; &nbsp; &nbsp; &nbsp; &nbsp; &nbsp; &nbsp; &nbsp; &nbsp; &nbsp; &nbsp; &nbsp; &nbsp; &nbsp; &nbsp; &nbsp; &nbsp; &nbsp; &nbsp; &nbsp; &nbsp; &nbsp; &nbsp; &nbsp; &nbsp; &nbsp; &nbsp; &nbsp; &nbsp; &nbsp; &nbsp; &nbsp; &nbsp; &nbsp; &nbsp; &nbsp; &nbsp; &nbsp; &nbsp; &nbsp; {Ten_Nhan_Vien}&nbsp; &nbsp; &nbsp; &nbsp; &nbsp; &nbsp;</strong></p>\n', NULL, '2017-11-21 09:06:38', 2),
(2, 2, 'Hóa đơn bán hàng (order)', '<div style=\"text-align:center\"><strong>H&Oacute;A ĐƠN B&Aacute;N H&Agrave;NG</strong><br />\n<strong>{Ma_Don_Hang}</strong></div>\n\n<div><strong>Ng&agrave;y b&aacute;n:</strong> {Ngay_Xuat}</div>\n\n<div><strong>Kh&aacute;ch h&agrave;ng:</strong> {Khach_Hang}</div>\n\n<div><strong>Thu ng&acirc;n:</strong> {Thu_Ngan}</div>\n\n<p>&nbsp;</p>\n\n<table style=\"width:100%\">\n	<tbody>\n		<tr>\n			<td style=\"width:35%\"><strong>Đơn gi&aacute;</strong></td>\n			<td style=\"text-align:center; width:30%\"><strong>SL</strong></td>\n			<td style=\"text-align:right\"><strong>TT</strong></td>\n		</tr>\n		<tr>\n			<td colspan=\"3\">{Ten_Hang_Hoa}</td>\n		</tr>\n		<tr>\n			<td>{Don_Gia}</td>\n			<td style=\"text-align:center\">{So_Luong}</td>\n			<td style=\"text-align:right\">{Thanh_Tien}</td>\n		</tr>\n	</tbody>\n</table>\n\n<p>&nbsp;</p>\n\n<table style=\"width:100%\">\n	<tbody>\n		<tr>\n			<td style=\"text-align:right\">Tổng tiền h&agrave;ng:</td>\n			<td style=\"text-align:right\">{Tong_Tien_Hang}</td>\n		</tr>\n		<tr>\n			<td style=\"text-align:right\">Giảm gi&aacute;:</td>\n			<td style=\"text-align:right\">{Chiec_Khau}</td>\n		</tr>\n		<tr>\n			<td style=\"text-align:right\">Th&agrave;nh tiền:</td>\n			<td style=\"text-align:right\">{Tong_Tien}</td>\n		</tr>\n		<tr>\n			<td style=\"text-align:right\">Kh&aacute;ch đưa</td>\n			<td style=\"text-align:right\">{Khach_Dua}</td>\n		</tr>\n		<tr>\n			<td style=\"text-align:right\">Tổng thanh to&aacute;n:</td>\n			<td style=\"text-align:right\"><strong>{Con_No}</strong></td>\n		</tr>\n	</tbody>\n</table>\n\n<p>&nbsp;</p>\n\n<p style=\"text-align:left\">Ghi ch&uacute;: {Ghi_Chu}</p>\n\n<div style=\"text-align:left\">Xin cảm ơn v&agrave; hẹn gặp lại!</div>\n', NULL, '2017-10-26 23:20:44', 2),
(3, 3, 'Hóa đơn phiếu nhập', '<div style=\"text-align:center\"><strong>H&Oacute;A ĐƠN B&Aacute;N H&Agrave;NG</strong><br />\n<strong>{Ma_Don_Hang}</strong></div>\n\n<div style=\"text-align:center\">&nbsp;</div>\n\n<div>\n<p><strong>Ng&agrave;y b&aacute;n:</strong> {Ngay_Xuat}<br />\n<strong>Kh&aacute;ch h&agrave;ng:</strong> {Khach_Hang}<br />\n<strong>Địa Chỉ:</strong> {DC_Khach_Hang}<br />\n<strong>ĐT: </strong>{DT_Khach_Hang}</p>\n</div>\n\n<div>{Chi_Tiet_San_Pham}</div>\n\n<div>&nbsp;</div>\n\n<table style=\"width:100%\">\n	<tbody>\n		<tr>\n			<td style=\"text-align:right\">Tổng tiền h&agrave;ng:</td>\n			<td style=\"text-align:right\">{Tong_Tien_Hang}</td>\n		</tr>\n		<tr>\n			<td style=\"text-align:right\">Giảm gi&aacute;:</td>\n			<td style=\"text-align:right\">{Chiec_Khau}</td>\n		</tr>\n		<tr>\n			<td style=\"text-align:right\">Đặt cọc</td>\n			<td style=\"text-align:right\">{Khach_Dua}</td>\n		</tr>\n		<tr>\n			<td style=\"text-align:right\">Tổng thanh to&aacute;n:</td>\n			<td style=\"text-align:right\"><strong>{Con_No}</strong></td>\n		</tr>\n	</tbody>\n</table>\n\n<p style=\"text-align:center\">Số tiền bằng chữ: {So_Tien_Bang_Chu}&nbsp; &nbsp; &nbsp; &nbsp; &nbsp; &nbsp; &nbsp; &nbsp; &nbsp; &nbsp; &nbsp; &nbsp; &nbsp; &nbsp;&nbsp;</p>\n\n<p style=\"text-align:right\">&nbsp;<strong>NGƯỜI B&Aacute;N H&Agrave;NG</strong></p>\n\n<p>&nbsp;</p>\n\n<p style=\"text-align:right\"><strong>&nbsp; &nbsp; &nbsp; &nbsp; &nbsp; &nbsp; &nbsp; &nbsp; &nbsp; &nbsp; &nbsp; &nbsp; &nbsp; &nbsp; &nbsp; &nbsp; &nbsp; &nbsp; &nbsp; &nbsp; &nbsp; &nbsp; &nbsp; &nbsp; &nbsp; &nbsp; &nbsp; &nbsp; &nbsp; &nbsp; &nbsp; &nbsp; &nbsp; &nbsp; &nbsp; </strong></p>\n\n<p style=\"text-align:right\"><strong>&nbsp; &nbsp; &nbsp; &nbsp; &nbsp; &nbsp; &nbsp; &nbsp; &nbsp; &nbsp; &nbsp; &nbsp; &nbsp; &nbsp; &nbsp; &nbsp; &nbsp; &nbsp; &nbsp; &nbsp; &nbsp; &nbsp; &nbsp; &nbsp; &nbsp; &nbsp; &nbsp; &nbsp; &nbsp; &nbsp; &nbsp; &nbsp; &nbsp; &nbsp; &nbsp; &nbsp; &nbsp; &nbsp; &nbsp; &nbsp; &nbsp; &nbsp; &nbsp; &nbsp; &nbsp; &nbsp; &nbsp; &nbsp; &nbsp; &nbsp; &nbsp; &nbsp; &nbsp; &nbsp; &nbsp; &nbsp; &nbsp; &nbsp; &nbsp; &nbsp; &nbsp; &nbsp; &nbsp; &nbsp; &nbsp; &nbsp; &nbsp; &nbsp; &nbsp; &nbsp; &nbsp; &nbsp; &nbsp; &nbsp; &nbsp; {Ten_Nhan_Vien}&nbsp; &nbsp; &nbsp; &nbsp; &nbsp; &nbsp;</strong></p>\n', NULL, '2017-11-05 22:07:52', 2);

-- --------------------------------------------------------

--
-- Cấu trúc bảng cho bảng `cms_users`
--

CREATE TABLE `cms_users` (
  `id` int(10) UNSIGNED NOT NULL,
  `username` varchar(100) NOT NULL,
  `password` varchar(100) NOT NULL,
  `salt` varchar(255) NOT NULL,
  `email` varchar(120) NOT NULL,
  `display_name` varchar(120) NOT NULL,
  `user_status` tinyint(4) NOT NULL,
  `group_id` int(11) NOT NULL,
  `store_id` int(11) NOT NULL,
  `created` datetime NOT NULL,
  `updated` datetime NOT NULL,
  `logined` datetime(1) NOT NULL,
  `ip_logged` varchar(255) NOT NULL,
  `recode` varchar(255) NOT NULL,
  `code_time_out` varchar(255) NOT NULL
) ENGINE=MyISAM DEFAULT CHARSET=utf8;

--
-- Đang đổ dữ liệu cho bảng `cms_users`
--

INSERT INTO `cms_users` (`id`, `username`, `password`, `salt`, `email`, `display_name`, `user_status`, `group_id`, `store_id`, `created`, `updated`, `logined`, `ip_logged`, `recode`, `code_time_out`) VALUES
(2, 'admin', 'acafabfb3b45089f905b5c8c0698f63c', 'GsV3TQXMytmADVjb817hblQmp6rg1ybqulyz4qE21W3y4bAsCpvdeFO1GGr4Rbdcu2HW0', 'admin@gmail.com', 'admin', 1, 1, 2, '2017-09-25 23:01:53', '2017-12-13 23:19:16', '2017-12-22 20:12:02.0', '156.67.222.9', '', ''),
(4, 'admin2', '470a8a99d9f7fbedfeabae07063cf244', 'h%2vyvNKs82iTYomR)25(eM03@qljku8Ler6sPkFq99^DcqnSiC0QE*rgLDPd#2#Z4LQK', 'admin@admin.com', 'admin2', 1, 1, 2, '2017-10-25 17:01:58', '2017-12-13 23:19:21', '2017-10-25 17:02:47.0', '156.67.222.9', '', ''),
(5, 'abc', '8e1b215103418cddfe0d7586cf438364', 'QHt)IG)wmp*4a7Y@6UwE^UIbDHLvzkzrr0zd!#l2wqBzdVXy$bDkQIbH)tOCqQz!cLaZo', 'nhanvien', 'abc', 1, 1, 1, '2017-11-04 11:35:49', '2017-12-13 23:19:27', '2017-11-04 11:36:09.0', '156.67.222.9', '', ''),
(6, 'test0001', 'd509577950bfd44acb89ce11de18595e', 'L3kGMoNFpGBUJr3hW98xxYofY8X0L*Js#yHUGeblFNvC&uQQeu%xOR)eGgxqFpwhkk^%G', 'a@gmail.com', 'test', 0, 2, 1, '2017-11-06 06:36:43', '0000-00-00 00:00:00', '2017-11-06 06:37:07.0', '156.67.222.9', '', ''),
(7, 'nv0001', '8bb882eb740b3f3cd0c6ed8527ba08e0', 'yA2fL#)hBP2p8yE(dFIX@SpRmy(ijetlX%jt*!W@91bpzPVPn4&UjgH7kyDc*EN1p8ru$', 'b@gmail.com', 'an', 1, 1, 1, '2017-11-09 14:16:13', '2017-12-06 14:41:27', '2017-11-09 14:16:42.0', '156.67.222.9', '', '');

-- --------------------------------------------------------

--
-- Cấu trúc bảng cho bảng `cms_users_group`
--

CREATE TABLE `cms_users_group` (
  `id` int(10) UNSIGNED NOT NULL,
  `group_name` varchar(255) NOT NULL,
  `group_permission` varchar(255) NOT NULL,
  `group_registered` datetime NOT NULL,
  `group_updated` datetime NOT NULL
) ENGINE=MyISAM DEFAULT CHARSET=utf8;

--
-- Đang đổ dữ liệu cho bảng `cms_users_group`
--

INSERT INTO `cms_users_group` (`id`, `group_name`, `group_permission`, `group_registered`, `group_updated`) VALUES
(3, 'Nhân viên', '[\"1\",\"2\",\"3\",\"4\",\"5\",\"6\",\"7\",\"8\",\"9\",\"10\"]', '2017-09-08 19:20:45', '0000-00-00 00:00:00'),
(1, 'Admin', '[\"1\",\"2\",\"3\",\"4\",\"5\",\"6\",\"7\",\"8\",\"9\",\"10\"]', '2016-01-22 02:58:58', '2016-06-15 21:42:04'),
(2, 'Quản lý', '[\"1\",\"2\",\"3\",\"4\",\"5\",\"6\",\"7\",\"8\",\"9\",\"10\"]', '2016-01-22 03:00:40', '2016-06-15 21:42:37');

--
-- Chỉ mục cho các bảng đã đổ
--

--
-- Chỉ mục cho bảng `cms_customers`
--
ALTER TABLE `cms_customers`
  ADD PRIMARY KEY (`ID`);

--
-- Chỉ mục cho bảng `cms_input`
--
ALTER TABLE `cms_input`
  ADD PRIMARY KEY (`ID`);

--
-- Chỉ mục cho bảng `cms_inventory`
--
ALTER TABLE `cms_inventory`
  ADD PRIMARY KEY (`store_id`,`product_id`);

--
-- Chỉ mục cho bảng `cms_orders`
--
ALTER TABLE `cms_orders`
  ADD PRIMARY KEY (`ID`);

--
-- Chỉ mục cho bảng `cms_permissions`
--
ALTER TABLE `cms_permissions`
  ADD PRIMARY KEY (`id`);

--
-- Chỉ mục cho bảng `cms_products`
--
ALTER TABLE `cms_products`
  ADD PRIMARY KEY (`ID`);

--
-- Chỉ mục cho bảng `cms_products_group`
--
ALTER TABLE `cms_products_group`
  ADD PRIMARY KEY (`ID`);

--
-- Chỉ mục cho bảng `cms_products_manufacture`
--
ALTER TABLE `cms_products_manufacture`
  ADD PRIMARY KEY (`ID`);

--
-- Chỉ mục cho bảng `cms_report`
--
ALTER TABLE `cms_report`
  ADD PRIMARY KEY (`ID`);

--
-- Chỉ mục cho bảng `cms_stores`
--
ALTER TABLE `cms_stores`
  ADD PRIMARY KEY (`ID`);

--
-- Chỉ mục cho bảng `cms_suppliers`
--
ALTER TABLE `cms_suppliers`
  ADD PRIMARY KEY (`ID`);

--
-- Chỉ mục cho bảng `cms_templates`
--
ALTER TABLE `cms_templates`
  ADD PRIMARY KEY (`id`);

--
-- Chỉ mục cho bảng `cms_users`
--
ALTER TABLE `cms_users`
  ADD PRIMARY KEY (`id`);

--
-- Chỉ mục cho bảng `cms_users_group`
--
ALTER TABLE `cms_users_group`
  ADD PRIMARY KEY (`id`);

--
-- AUTO_INCREMENT cho các bảng đã đổ
--

--
-- AUTO_INCREMENT cho bảng `cms_customers`
--
ALTER TABLE `cms_customers`
  MODIFY `ID` int(10) UNSIGNED NOT NULL AUTO_INCREMENT, AUTO_INCREMENT=34;
--
-- AUTO_INCREMENT cho bảng `cms_input`
--
ALTER TABLE `cms_input`
  MODIFY `ID` int(10) UNSIGNED NOT NULL AUTO_INCREMENT, AUTO_INCREMENT=32;
--
-- AUTO_INCREMENT cho bảng `cms_orders`
--
ALTER TABLE `cms_orders`
  MODIFY `ID` int(10) UNSIGNED NOT NULL AUTO_INCREMENT, AUTO_INCREMENT=242;
--
-- AUTO_INCREMENT cho bảng `cms_permissions`
--
ALTER TABLE `cms_permissions`
  MODIFY `id` int(10) UNSIGNED NOT NULL AUTO_INCREMENT, AUTO_INCREMENT=11;
--
-- AUTO_INCREMENT cho bảng `cms_products`
--
ALTER TABLE `cms_products`
  MODIFY `ID` int(10) UNSIGNED NOT NULL AUTO_INCREMENT, AUTO_INCREMENT=113;
--
-- AUTO_INCREMENT cho bảng `cms_products_group`
--
ALTER TABLE `cms_products_group`
  MODIFY `ID` int(10) UNSIGNED NOT NULL AUTO_INCREMENT, AUTO_INCREMENT=30;
--
-- AUTO_INCREMENT cho bảng `cms_products_manufacture`
--
ALTER TABLE `cms_products_manufacture`
  MODIFY `ID` int(10) UNSIGNED NOT NULL AUTO_INCREMENT, AUTO_INCREMENT=12;
--
-- AUTO_INCREMENT cho bảng `cms_report`
--
ALTER TABLE `cms_report`
  MODIFY `ID` int(10) UNSIGNED NOT NULL AUTO_INCREMENT, AUTO_INCREMENT=366;
--
-- AUTO_INCREMENT cho bảng `cms_stores`
--
ALTER TABLE `cms_stores`
  MODIFY `ID` int(5) UNSIGNED NOT NULL AUTO_INCREMENT, AUTO_INCREMENT=7;
--
-- AUTO_INCREMENT cho bảng `cms_suppliers`
--
ALTER TABLE `cms_suppliers`
  MODIFY `ID` int(10) UNSIGNED NOT NULL AUTO_INCREMENT, AUTO_INCREMENT=21;
--
-- AUTO_INCREMENT cho bảng `cms_templates`
--
ALTER TABLE `cms_templates`
  MODIFY `id` int(5) NOT NULL AUTO_INCREMENT, AUTO_INCREMENT=4;
--
-- AUTO_INCREMENT cho bảng `cms_users`
--
ALTER TABLE `cms_users`
  MODIFY `id` int(10) UNSIGNED NOT NULL AUTO_INCREMENT, AUTO_INCREMENT=8;
--
-- AUTO_INCREMENT cho bảng `cms_users_group`
--
ALTER TABLE `cms_users_group`
  MODIFY `id` int(10) UNSIGNED NOT NULL AUTO_INCREMENT, AUTO_INCREMENT=4;COMMIT;

/*!40101 SET CHARACTER_SET_CLIENT=@OLD_CHARACTER_SET_CLIENT */;
/*!40101 SET CHARACTER_SET_RESULTS=@OLD_CHARACTER_SET_RESULTS */;
/*!40101 SET COLLATION_CONNECTION=@OLD_COLLATION_CONNECTION */;
